timestamp,frame_id,total_ms,fm_prep_ms,fm_2d_match_ms,fm_corres_ms,fm_ransac_ms,bundle_adjust_ms,others_ms,nerf_ms,nerf_n_frames,nerf_ms_per_frame
1765857845.218312,1668813025193228911,256.9,1.1,238.3,0.2,2.1,3.7,11.6,n/a,n/a,n/a
1765857845.4829328,1668813025227678812,48.3,2.1,26.6,0.3,1.1,4.3,13.9,n/a,n/a,n/a
1765857845.5385149,1668813025259652117,45.5,2.1,26.5,0.3,1.4,3.2,12.0,n/a,n/a,n/a
1765857845.5910249,1668813025296211926,46.5,2.2,25.9,0.3,1.2,4.0,13.0,n/a,n/a,n/a
1765857845.6445534,1668813025326464994,47.1,2.1,28.6,0.3,1.2,3.5,11.5,n/a,n/a,n/a
1765857845.6988792,1668813025354360393,47.4,2.1,26.9,0.3,1.1,3.4,13.6,n/a,n/a,n/a
1765857845.7532187,1668813025391184312,45.6,2.1,25.2,0.3,1.0,4.5,12.6,n/a,n/a,n/a
1765857845.8059487,1668813025424876136,53.8,2.3,32.1,0.3,1.2,3.4,14.5,n/a,n/a,n/a
1765857845.8666592,1668813025461047708,46.9,2.2,27.6,0.3,1.1,3.4,12.3,n/a,n/a,n/a
1765857845.9204931,1668813025492468569,46.8,2.2,27.6,0.3,1.5,3.9,11.3,n/a,n/a,n/a
1765857845.9742754,1668813025529472603,48.8,2.1,29.6,0.3,1.3,3.6,12.0,n/a,n/a,n/a
1765857846.0300708,1668813025557519987,54.5,2.8,33.6,0.3,1.1,3.5,13.1,n/a,n/a,n/a
1765857846.091552,1668813025590519709,48.4,2.0,30.2,0.3,1.3,3.5,11.2,n/a,n/a,n/a
1765857846.1469586,1668813025620944298,49.1,2.0,29.8,0.3,1.0,3.7,12.2,n/a,n/a,n/a
1765857846.2028782,1668813025654561214,47.1,2.1,29.5,0.3,1.1,5.0,9.2,n/a,n/a,n/a
1765857846.2570136,1668813025689046001,44.2,2.0,25.8,0.3,1.4,3.6,11.1,n/a,n/a,n/a
1765857846.3086183,1668813025722252070,49.3,2.1,29.9,0.3,2.8,4.1,10.1,n/a,n/a,n/a
1765857846.3647401,1668813025756375524,43.2,2.1,26.4,0.3,1.1,3.6,9.7,n/a,n/a,n/a
1765857846.4150438,1668813025789525593,43.1,2.1,26.6,0.3,1.2,3.4,9.5,n/a,n/a,n/a
1765857846.4651525,1668813025820819951,46.0,2.1,29.0,0.3,1.2,3.4,10.1,n/a,n/a,n/a
1765857846.518108,1668813025864270674,49.8,2.1,31.1,0.3,1.0,3.3,12.0,n/a,n/a,n/a
1765857846.5752115,1668813025900121295,43.3,2.1,26.0,0.3,1.6,3.5,9.8,n/a,n/a,n/a
1765857846.6254847,1668813025931515243,47.9,2.1,30.3,0.3,1.3,3.5,10.4,n/a,n/a,n/a
1765857846.680384,1668813025958133880,45.0,2.0,26.5,0.3,1.1,5.1,10.1,n/a,n/a,n/a
1765857846.732752,1668813025990457768,45.0,2.1,28.4,0.3,1.1,3.7,9.4,n/a,n/a,n/a
1765857846.7851787,1668813026028711133,50.3,2.1,34.4,0.3,1.1,3.6,8.8,n/a,n/a,n/a
1765857846.8423772,1668813026066499847,43.2,2.1,26.6,0.3,1.2,3.3,9.7,n/a,n/a,n/a
1765857846.89261,1668813026098107959,51.8,2.1,30.8,0.3,2.3,5.2,11.2,n/a,n/a,n/a
1765857846.951469,1668813026130905746,45.1,2.1,28.2,0.3,1.1,3.5,10.0,n/a,n/a,n/a
1765857847.0034964,1668813026167203694,48.0,2.2,30.2,0.3,1.1,3.4,10.8,n/a,n/a,n/a
1765857847.0585263,1668813026199526221,47.4,2.1,28.2,0.3,1.3,4.5,11.1,n/a,n/a,n/a
1765857847.113554,1668813026231758209,47.5,2.1,30.3,0.3,1.1,3.3,10.4,n/a,n/a,n/a
1765857847.1682658,1668813026265767806,43.5,2.1,27.5,0.3,1.1,3.5,9.1,n/a,n/a,n/a
1765857847.2188756,1668813026300267254,43.9,2.1,28.0,0.3,1.1,3.4,9.0,n/a,n/a,n/a
1765857847.2699456,1668813026332678859,49.0,2.1,32.8,0.3,1.1,3.7,9.0,n/a,n/a,n/a
1765857847.3259478,1668813026366050812,44.0,2.1,27.5,0.3,1.2,3.5,9.5,n/a,n/a,n/a
1765857847.3770692,1668813026401191346,44.6,2.1,27.5,0.3,1.6,3.5,9.6,n/a,n/a,n/a
1765857847.4286706,1668813026432158428,42.9,2.1,26.3,0.3,1.2,3.9,9.1,n/a,n/a,n/a
1765857847.4785485,1668813026462599129,44.2,2.1,27.8,0.3,1.3,3.4,9.2,n/a,n/a,n/a
1765857847.5297017,1668813026498764232,44.8,2.1,28.2,0.3,1.7,3.5,9.0,n/a,n/a,n/a
1765857847.5816333,1668813026527879045,43.7,2.1,27.5,0.3,1.2,3.3,9.2,n/a,n/a,n/a
1765857847.6324644,1668813026560992403,47.2,2.0,30.5,0.3,1.7,3.5,9.2,n/a,n/a,n/a
1765857847.6867065,1668813026598298594,46.1,2.1,28.4,0.3,1.1,4.2,10.1,n/a,n/a,n/a
1765857847.740126,1668813026624662762,43.5,2.1,25.6,0.3,1.4,4.3,9.9,n/a,n/a,n/a
1765857847.7909763,1668813026658110754,43.3,2.0,26.3,0.3,2.1,3.3,9.3,n/a,n/a,n/a
1765857847.8415658,1668813026691397808,44.0,2.0,27.8,0.3,1.0,3.6,9.2,n/a,n/a,n/a
1765857847.892677,1668813026722800533,45.3,2.1,27.2,0.3,1.2,4.0,10.5,n/a,n/a,n/a
1765857847.9451318,1668813026755950519,43.6,2.1,27.0,0.3,1.1,4.0,9.0,n/a,n/a,n/a
1765857847.9959064,1668813026793719135,43.2,2.0,26.9,0.3,1.1,3.7,9.2,n/a,n/a,n/a
1765857848.0463722,1668813026832938850,44.8,2.0,26.4,0.3,1.1,4.7,10.3,n/a,n/a,n/a
1765857848.1507561,1668813026894721414,48.1,2.0,26.9,0.3,2.0,7.4,9.4,n/a,n/a,n/a
1765857848.2060974,1668813026934736321,69.2,3.0,43.2,0.4,1.5,7.4,13.7,n/a,n/a,n/a
1765857848.282451,1668813026964744068,59.1,3.2,38.2,0.5,1.6,6.3,9.5,n/a,n/a,n/a
1765857848.3484986,1668813026993619358,55.6,3.1,33.9,0.4,1.6,6.1,10.4,n/a,n/a,n/a
1765857848.4109652,1668813027032152930,55.6,3.0,34.9,0.4,1.5,6.7,9.0,n/a,n/a,n/a
1765857848.4735177,1668813027060098272,57.2,3.1,35.3,0.4,1.6,6.3,10.4,n/a,n/a,n/a
1765857848.537744,1668813027091820644,60.3,3.1,39.8,0.4,1.4,6.3,9.3,n/a,n/a,n/a
1765857848.605045,1668813027131141139,66.4,3.1,37.1,0.5,4.7,7.6,13.3,n/a,n/a,n/a
1765857848.678799,1668813027161665863,61.5,3.4,39.8,0.5,1.6,6.0,10.4,n/a,n/a,n/a
1765857848.7474678,1668813027193342659,66.6,3.1,42.4,0.4,1.9,9.1,9.7,n/a,n/a,n/a
1765857848.8218722,1668813027229421433,65.8,3.0,39.7,0.4,1.5,6.6,14.6,n/a,n/a,n/a
1765857848.894698,1668813027261376474,60.1,3.1,38.8,0.5,1.5,6.4,9.8,n/a,n/a,n/a
1765857848.961757,1668813027296864138,57.0,3.1,35.9,0.4,1.4,6.8,9.4,n/a,n/a,n/a
1765857849.0258844,1668813027327376323,55.7,3.1,33.6,0.4,1.5,6.6,10.5,n/a,n/a,n/a
1765857849.0886188,1668813027368054120,66.3,3.1,44.2,0.4,1.5,6.4,10.7,n/a,n/a,n/a
1765857849.162026,1668813027405089654,57.4,3.1,36.4,0.4,1.5,6.2,9.8,n/a,n/a,n/a
1765857849.2265408,1668813027426669857,60.9,4.0,35.6,0.5,3.0,6.1,11.8,n/a,n/a,n/a
1765857849.2944229,1668813027465048808,57.8,3.1,34.7,0.5,1.4,6.7,11.5,n/a,n/a,n/a
1765857849.3590505,1668813027494339162,56.6,3.2,34.7,0.4,1.5,6.7,10.2,n/a,n/a,n/a
1765857849.4225795,1668813027528113494,57.9,3.2,37.2,0.4,1.4,5.9,9.7,n/a,n/a,n/a
1765857849.4875312,1668813027574317081,57.2,3.0,33.8,0.4,1.4,7.6,10.9,n/a,n/a,n/a
1765857849.5518742,1668813027600683548,56.9,3.1,36.6,0.4,1.4,6.3,9.2,n/a,n/a,n/a
1765857849.6158214,1668813027632032838,62.2,3.0,41.4,0.4,1.5,6.1,9.6,n/a,n/a,n/a
1765857849.6851342,1668813027663392622,55.5,3.1,35.0,0.4,1.5,6.4,9.2,n/a,n/a,n/a
1765857849.7478662,1668813027696693535,56.0,3.1,33.6,0.4,1.9,6.8,10.3,n/a,n/a,n/a
1765857849.8107598,1668813027730725578,57.1,3.1,34.9,0.4,1.6,7.7,9.5,n/a,n/a,n/a
1765857849.8747883,1668813027773414276,60.7,3.1,38.8,0.4,2.8,5.7,9.9,n/a,n/a,n/a
1765857849.9426172,1668813027804341738,56.6,3.1,34.7,0.4,1.5,6.7,10.2,n/a,n/a,n/a
1765857850.0062823,1668813027839281026,55.8,3.1,32.4,0.4,1.4,7.9,10.5,n/a,n/a,n/a
1765857850.0691974,1668813027869262690,55.8,3.1,33.5,0.4,1.4,5.6,11.8,n/a,n/a,n/a
1765857850.1321552,1668813027898397124,57.6,3.1,36.3,0.4,1.5,6.5,9.8,n/a,n/a,n/a
1765857850.1969562,1668813027930521833,61.9,3.1,38.1,0.4,1.4,8.0,11.0,n/a,n/a,n/a
1765857850.2661543,1668813027967743447,60.2,3.0,36.2,0.4,1.5,8.1,11.1,n/a,n/a,n/a
1765857850.3335845,1668813027996107805,62.0,3.1,40.5,0.4,1.4,5.8,10.8,n/a,n/a,n/a
1765857850.4026868,1668813028037048304,60.8,3.1,39.8,0.4,1.5,6.0,10.1,n/a,n/a,n/a
1765857850.4707046,1668813028070088901,53.4,3.2,33.8,0.4,1.4,5.4,9.3,n/a,n/a,n/a
1765857850.5313513,1668813028105117130,58.8,3.1,37.6,0.4,1.5,6.5,9.7,n/a,n/a,n/a
1765857850.5972004,1668813028131446847,59.8,3.1,38.5,0.4,1.5,6.2,10.2,n/a,n/a,n/a
1765857850.6641421,1668813028167110952,56.3,3.1,34.9,0.4,2.5,5.8,9.6,n/a,n/a,n/a
1765857850.7278764,1668813028197906493,62.7,3.2,41.1,0.4,2.2,5.9,9.9,n/a,n/a,n/a
1765857850.797899,1668813028234864619,55.6,3.1,33.9,0.4,2.0,5.8,10.4,n/a,n/a,n/a
1765857850.8606343,1668813028266074031,55.1,3.1,33.8,0.4,1.4,6.9,9.5,n/a,n/a,n/a
1765857850.9877048,1668813028338310452,57.7,3.2,34.4,0.4,1.4,8.9,9.6,n/a,n/a,n/a
1765857851.0525393,1668813028368029984,75.2,4.1,46.8,0.5,1.6,8.6,13.6,n/a,n/a,n/a
1765857851.13497,1668813028402777286,75.2,4.1,48.4,0.5,1.6,8.8,11.8,n/a,n/a,n/a
1765857851.2173202,1668813028436692512,66.7,4.2,41.6,0.6,1.8,9.1,9.4,n/a,n/a,n/a
1765857851.2912025,1668813028470606334,66.8,4.2,41.5,0.5,1.8,9.1,9.7,n/a,n/a,n/a
1765857851.3652427,1668813028507764057,67.6,4.2,42.0,0.5,1.7,8.7,10.4,n/a,n/a,n/a
1765857851.4400249,1668813028535412549,65.8,4.2,40.1,0.4,2.0,8.4,10.8,n/a,n/a,n/a
1765857851.5129626,1668813028571340409,64.6,4.2,40.4,0.4,1.6,8.0,10.1,n/a,n/a,n/a
1765857851.6570163,1668813028640607722,65.1,4.2,39.5,0.3,2.0,9.9,9.2,n/a,n/a,n/a
1765857851.7293398,1668813028667811894,77.6,5.3,49.1,0.5,2.3,9.2,11.1,n/a,n/a,n/a
1765857851.814156,1668813028705557007,76.1,5.5,46.7,0.4,1.9,9.1,12.5,n/a,n/a,n/a
1765857851.9873984,1668813028774723248,81.2,5.5,47.0,0.7,2.3,11.7,14.1,n/a,n/a,n/a
1765857852.0760965,1668813028803228184,133.5,6.6,92.8,0.6,3.8,11.9,17.7,n/a,n/a,n/a
1765857852.2173386,1668813028831560146,94.4,6.5,58.3,0.7,2.7,11.8,14.3,n/a,n/a,n/a
1765857852.4171197,1668813028902694074,88.7,6.7,54.1,0.5,2.1,14.7,10.6,n/a,n/a,n/a
1765857852.5129027,1668813028931759516,101.0,7.4,64.4,0.6,2.3,13.1,13.1,n/a,n/a,n/a
1765857852.7283554,1668813028999990498,105.3,8.4,64.6,0.6,2.6,15.8,13.3,n/a,n/a,n/a
1765857852.8418825,1668813029028726353,120.7,9.5,74.4,0.7,3.1,16.5,16.4,n/a,n/a,n/a
1765857853.0990417,1668813029097767458,119.8,8.9,71.4,0.5,3.7,22.0,13.3,n/a,n/a,n/a
1765857853.2265425,1668813029137960272,151.4,10.7,82.8,0.6,15.4,26.5,15.3,n/a,n/a,n/a
1765857853.3850603,1668813029165943298,147.1,10.1,80.9,0.8,17.5,25.8,12.0,n/a,n/a,n/a
1765857853.5396426,1668813029205412484,149.6,10.2,87.4,0.6,19.8,19.3,12.3,n/a,n/a,n/a
1765857853.697209,1668813029232307696,153.5,10.2,82.3,0.6,18.0,28.0,14.4,n/a,n/a,n/a
1765857853.857884,1668813029265760125,144.2,10.2,80.2,0.6,20.4,21.4,11.3,n/a,n/a,n/a
1765857854.0093281,1668813029299193413,148.2,10.0,79.7,0.6,16.6,29.4,11.8,n/a,n/a,n/a
1765857854.3200858,1668813029370953744,148.1,11.6,83.8,0.6,19.0,21.8,11.3,n/a,n/a,n/a
1765857854.475637,1668813029401587544,162.1,10.7,90.5,0.6,24.4,21.1,14.8,n/a,n/a,n/a
1765857854.645123,1668813029437943138,165.5,10.9,89.8,0.6,17.8,31.2,15.3,n/a,n/a,n/a
1765857854.8178012,1668813029471440454,153.7,11.4,85.9,0.6,20.4,23.3,12.1,n/a,n/a,n/a
1765857854.9788032,1668813029505689565,158.3,10.8,88.3,0.6,23.3,22.7,12.6,n/a,n/a,n/a
1765857855.1442618,1668813029541207930,157.7,10.7,90.0,0.7,19.3,23.7,13.4,n/a,n/a,n/a
1765857855.3091319,1668813029570568196,161.1,10.9,90.6,0.7,19.1,25.5,14.4,n/a,n/a,n/a
1765857855.4775293,1668813029599355152,160.0,10.7,88.6,0.7,23.4,23.4,13.1,n/a,n/a,n/a
1765857855.645231,1668813029641426803,158.4,11.2,89.3,0.6,20.7,23.3,13.3,n/a,n/a,n/a
1765857855.8109818,1668813029674519915,160.5,11.2,90.2,0.7,23.2,21.7,13.5,n/a,n/a,n/a
1765857855.97874,1668813029704413472,158.7,10.6,90.0,0.6,23.5,21.5,12.4,n/a,n/a,n/a
1765857856.1447203,1668813029734815229,159.7,11.2,90.3,0.7,18.3,26.9,12.4,n/a,n/a,n/a
1765857856.3117704,1668813029769109353,156.6,10.7,85.3,0.7,18.8,29.1,11.9,n/a,n/a,n/a
1765857856.4756682,1668813029800824945,159.9,10.7,88.1,0.6,20.0,26.9,13.6,n/a,n/a,n/a
1765857856.6429417,1668813029836487521,163.7,10.9,89.7,0.7,17.7,31.1,13.6,n/a,n/a,n/a
1765857856.8138332,1668813029873851992,153.6,11.2,84.5,0.7,19.4,26.8,11.0,n/a,n/a,n/a
1765857856.9747632,1668813029907153883,163.1,11.1,89.3,0.7,19.6,29.7,12.7,n/a,n/a,n/a
1765857857.145138,1668813029941451748,153.7,10.7,84.3,0.6,20.9,26.2,11.0,n/a,n/a,n/a
1765857857.3061209,1668813029969465799,156.4,11.1,85.7,0.8,18.4,29.2,11.2,n/a,n/a,n/a
1765857857.4699113,1668813030001425001,157.0,10.7,84.2,0.6,18.4,31.0,12.0,n/a,n/a,n/a
1765857857.6344774,1668813030033714340,165.8,11.9,91.3,0.7,17.4,29.7,14.8,n/a,n/a,n/a
1765857857.808072,1668813030070254715,154.5,11.2,84.5,0.5,19.6,27.6,11.0,n/a,n/a,n/a
1765857857.969995,1668813030103610050,148.2,10.8,83.1,0.5,23.1,19.1,11.6,n/a,n/a,n/a
1765857858.1252332,1668813030137093653,155.7,11.4,89.1,0.5,20.6,20.1,14.1,n/a,n/a,n/a
1765857858.288114,1668813030170881832,158.7,11.1,86.6,0.5,20.4,29.6,10.5,n/a,n/a,n/a
1765857858.4538963,1668813030200526324,148.8,10.8,83.3,0.5,19.0,24.2,11.0,n/a,n/a,n/a
1765857858.6101334,1668813030233265719,154.4,10.8,88.2,0.5,20.9,21.9,12.1,n/a,n/a,n/a
1765857858.7716398,1668813030271745810,153.8,10.7,88.2,0.5,17.2,26.0,11.3,n/a,n/a,n/a
1765857858.9327,1668813030303052948,150.8,11.1,82.8,0.6,20.2,25.6,10.5,n/a,n/a,n/a
1765857859.090716,1668813030342018645,157.2,10.7,86.5,0.6,22.4,25.5,11.6,n/a,n/a,n/a
1765857859.2551563,1668813030368823087,150.9,10.7,83.4,0.6,22.4,21.6,12.3,n/a,n/a,n/a
1765857859.4133668,1668813030405241814,151.1,11.2,83.5,0.6,22.2,21.9,11.7,n/a,n/a,n/a
1765857859.5717342,1668813030439681545,160.4,10.7,88.6,0.6,19.0,28.6,13.0,n/a,n/a,n/a
1765857859.7393165,1668813030478480951,154.0,11.0,84.4,0.6,21.3,25.3,11.4,n/a,n/a,n/a
1765857859.9006145,1668813030510755807,151.0,10.7,84.1,0.6,22.3,21.4,12.0,n/a,n/a,n/a
1765857860.0593438,1668813030546041069,160.2,10.6,89.4,0.6,17.8,28.9,12.8,n/a,n/a,n/a
1765857860.226693,1668813030573567881,153.2,10.8,84.3,0.5,18.6,28.1,10.9,n/a,n/a,n/a
1765857860.387082,1668813030608209583,155.0,11.0,84.3,0.6,18.4,29.2,11.5,n/a,n/a,n/a
1765857860.5492659,1668813030646488955,156.6,10.7,84.9,0.6,19.2,29.2,11.9,n/a,n/a,n/a
1765857860.7130792,1668813030678217347,156.0,11.1,84.0,0.6,18.7,30.3,11.4,n/a,n/a,n/a
1765857861.0398993,1668813030740943010,153.5,9.9,83.4,0.5,16.1,31.0,12.5,n/a,n/a,n/a
1765857861.2005045,1668813030780872835,157.2,10.6,89.6,0.6,22.1,20.3,14.0,n/a,n/a,n/a
1765857861.3650734,1668813030810192298,169.0,10.5,92.3,0.6,19.5,30.6,15.5,n/a,n/a,n/a
1765857861.5413852,1668813030842288669,158.4,10.5,89.6,0.6,19.6,23.6,14.5,n/a,n/a,n/a
1765857861.7069385,1668813030874450768,159.8,10.9,86.3,0.6,21.9,26.1,14.0,n/a,n/a,n/a
1765857861.8740413,1668813030912928393,160.0,10.9,87.6,0.6,19.6,26.1,15.1,n/a,n/a,n/a
1765857862.0412319,1668813030945845609,157.9,10.9,87.9,0.6,17.6,26.7,14.2,n/a,n/a,n/a
1765857862.2062469,1668813030975214732,163.3,10.5,88.0,0.6,20.3,30.1,13.8,n/a,n/a,n/a
1765857862.3770862,1668813031010963994,157.8,10.7,88.0,0.6,18.6,25.1,14.8,n/a,n/a,n/a
1765857862.7105095,1668813031079209112,148.0,9.6,82.1,0.5,17.3,26.0,12.5,n/a,n/a,n/a
1765857862.8656657,1668813031103320518,159.4,10.4,89.7,0.7,18.5,25.5,14.5,n/a,n/a,n/a
1765857863.032121,1668813031137506614,155.3,10.5,84.4,0.6,19.4,27.0,13.3,n/a,n/a,n/a
1765857863.3629313,1668813031206709461,152.1,9.3,82.2,0.6,17.1,30.4,12.5,n/a,n/a,n/a
1765857863.698807,1668813031267875703,159.4,12.4,82.8,0.6,17.8,30.8,15.0,n/a,n/a,n/a
1765857851.8972733,1668813028739745691,82.3,5.6,46.5,0.5,2.0,9.4,18.3,11041.3,5,2208.3
1765857863.8655715,1668813031312962221,163.5,11.0,87.9,0.7,17.7,25.4,20.8,n/a,n/a,n/a
1765857864.180673,1668813031373458489,124.2,10.3,77.4,0.7,3.2,18.5,14.1,n/a,n/a,n/a
1765857864.312925,1668813031406061113,140.9,11.5,85.8,1.1,4.9,16.6,20.9,n/a,n/a,n/a
1765857864.6114967,1668813031474096570,154.1,10.8,83.6,0.7,16.3,20.8,21.9,n/a,n/a,n/a
1765857864.7727551,1668813031507157794,165.3,11.5,92.0,0.7,16.6,27.8,16.7,n/a,n/a,n/a
1765857865.1165328,1668813031573918359,147.7,11.0,81.3,0.6,17.5,20.3,17.1,n/a,n/a,n/a
1765857865.446505,1668813031640430520,182.7,13.1,102.3,0.6,23.9,26.1,16.7,n/a,n/a,n/a
1765857865.6363437,1668813031673796655,161.1,11.1,89.1,0.7,20.4,22.9,17.0,n/a,n/a,n/a
1765857865.976192,1668813031739408294,147.8,10.5,79.6,0.6,18.1,24.3,14.6,n/a,n/a,n/a
1765857866.1311345,1668813031776664137,163.0,11.4,86.8,0.7,20.1,26.1,18.0,n/a,n/a,n/a
1765857866.301628,1668813031807598801,162.9,11.2,88.6,0.7,18.1,26.6,17.8,n/a,n/a,n/a
1765857866.4718418,1668813031842660991,157.8,11.1,89.5,0.7,17.7,23.8,15.1,n/a,n/a,n/a
1765857866.6370792,1668813031873333843,157.3,11.9,85.2,0.7,19.0,24.5,16.0,n/a,n/a,n/a
1765857866.8020465,1668813031908254929,160.4,11.5,87.7,0.7,17.8,25.8,16.8,n/a,n/a,n/a
1765857867.1435308,1668813031973774417,152.0,10.5,83.9,0.7,17.8,25.5,13.8,n/a,n/a,n/a
1765857867.3031712,1668813032007525519,241.5,19.0,139.7,0.9,34.5,26.3,21.1,n/a,n/a,n/a
1765857867.5520885,1668813032044323212,161.6,10.8,86.6,0.7,19.6,26.7,17.3,n/a,n/a,n/a
1765857867.8941808,1668813032106272847,218.9,18.2,134.5,0.8,29.1,19.5,16.7,n/a,n/a,n/a
1765857868.1202247,1668813032143621375,159.1,11.5,88.0,0.8,19.6,22.1,17.2,n/a,n/a,n/a
1765857868.2865195,1668813032184584314,161.6,11.0,87.3,0.7,18.4,27.0,17.2,n/a,n/a,n/a
1765857868.4554183,1668813032215585755,162.8,11.5,89.8,0.7,18.4,26.9,15.4,n/a,n/a,n/a
1765857868.6254308,1668813032243389524,154.8,11.0,84.9,0.7,19.9,22.5,15.8,n/a,n/a,n/a
1765857868.7875133,1668813032272388029,159.3,11.0,88.2,0.7,18.3,25.3,15.7,n/a,n/a,n/a
1765857869.1316347,1668813032339914429,153.4,10.0,80.5,0.7,16.6,29.5,16.1,n/a,n/a,n/a
1765857869.292247,1668813032377679532,168.7,11.1,90.9,0.8,18.9,28.2,18.8,n/a,n/a,n/a
1765857869.4682302,1668813032418583675,163.4,11.1,90.2,0.8,17.0,28.5,15.9,n/a,n/a,n/a
1765857869.6390965,1668813032442256375,168.0,11.1,91.0,0.9,18.4,30.6,16.1,n/a,n/a,n/a
1765857869.8143191,1668813032478542517,167.6,11.2,91.2,0.8,18.1,30.7,15.8,n/a,n/a,n/a
1765857869.9894392,1668813032513643448,165.3,11.0,91.4,0.8,18.3,27.7,16.1,n/a,n/a,n/a
1765857870.1619797,1668813032540664231,164.4,11.0,89.2,0.8,17.5,29.6,16.3,n/a,n/a,n/a
1765857870.3337862,1668813032575466352,160.1,11.2,86.9,0.8,17.9,26.2,17.0,n/a,n/a,n/a
1765857870.5011392,1668813032610321398,161.6,11.1,86.4,0.8,20.5,26.0,16.9,n/a,n/a,n/a
1765857870.8412619,1668813032680084529,151.2,10.2,80.6,0.7,15.5,29.2,15.0,n/a,n/a,n/a
1765857870.9998183,1668813032717240903,187.9,11.5,93.8,1.0,27.5,33.7,20.3,n/a,n/a,n/a
1765857871.1951904,1668813032739857986,167.9,11.8,88.0,0.8,18.7,31.0,17.5,n/a,n/a,n/a
1765857871.3705964,1668813032779961989,168.2,12.0,91.8,0.8,18.1,29.4,16.1,n/a,n/a,n/a
1765857871.546275,1668813032813893066,169.5,11.5,91.4,0.8,18.5,31.1,16.1,n/a,n/a,n/a
1765857871.9022064,1668813032878377737,166.3,10.5,85.2,0.7,19.4,35.5,15.0,n/a,n/a,n/a
1765857872.0759816,1668813032908721806,174.6,11.5,93.7,0.9,19.7,29.0,19.9,n/a,n/a,n/a
1765857872.2580793,1668813032944187685,175.8,11.5,94.5,0.9,16.2,32.7,20.0,n/a,n/a,n/a
1765857872.626518,1668813033008916438,168.4,10.6,84.4,0.8,18.8,36.7,17.2,n/a,n/a,n/a
1765857872.802379,1668813033044070925,173.8,11.9,91.8,0.9,17.5,33.0,18.8,n/a,n/a,n/a
1765857872.9836555,1668813033076155603,174.0,12.0,89.7,0.9,16.5,37.2,17.8,n/a,n/a,n/a
1765857873.3527784,1668813033148270188,171.4,11.3,83.8,0.8,17.6,40.3,17.6,n/a,n/a,n/a
1765857873.5318038,1668813033181809408,186.1,11.7,94.0,0.9,19.1,39.3,21.1,n/a,n/a,n/a
1765857873.725373,1668813033217675885,184.9,11.5,95.6,0.9,16.5,39.9,20.4,n/a,n/a,n/a
1765857874.105664,1668813033275679095,165.4,10.9,86.1,1.0,13.8,36.9,16.8,n/a,n/a,n/a
1765857874.2785947,1668813033313398632,194.2,12.2,94.3,1.0,20.4,45.5,20.9,n/a,n/a,n/a
1765857874.4806855,1668813033343986409,183.3,11.8,91.4,1.1,16.9,40.9,21.2,n/a,n/a,n/a
1765857874.8660307,1668813033414461531,161.1,10.6,81.3,0.9,15.6,36.4,16.4,n/a,n/a,n/a
1765857875.0343714,1668813033441801408,184.2,12.0,93.7,1.0,20.7,36.8,20.0,n/a,n/a,n/a
1765857875.2257743,1668813033487104865,183.2,11.6,90.1,1.0,17.1,44.9,18.5,n/a,n/a,n/a
1765857863.522152,1668813031237918172,169.4,10.7,92.7,0.6,18.8,27.0,19.5,10825.2,13,832.7
1765857875.5905156,1668813033550523804,156.8,11.2,85.3,1.1,5.1,31.7,22.4,n/a,n/a,n/a
1765857875.755583,1668813033580813791,167.0,12.4,88.7,1.1,5.0,35.3,24.5,n/a,n/a,n/a
1765857876.1152015,1668813033645086475,158.6,11.2,82.1,1.1,4.6,39.4,20.3,n/a,n/a,n/a
1765857876.2825334,1668813033681036869,173.2,13.4,91.4,1.2,5.5,35.6,25.9,n/a,n/a,n/a
1765857876.6443553,1668813033762844383,180.7,10.6,88.7,0.9,17.2,45.9,17.4,n/a,n/a,n/a
1765857876.8323448,1668813033777383622,201.4,11.9,98.3,1.1,19.1,48.8,22.3,n/a,n/a,n/a
1765857877.2510846,1668813033845040566,188.5,10.8,90.0,0.9,17.5,52.0,17.2,n/a,n/a,n/a
1765857877.4466417,1668813033878370862,191.5,11.6,97.6,1.0,13.7,44.8,22.7,n/a,n/a,n/a
1765857877.6453185,1668813033907704795,188.1,11.8,93.4,1.1,16.9,45.9,19.1,n/a,n/a,n/a
1765857878.0343854,1668813033984430848,181.4,10.5,85.4,1.0,16.9,50.2,17.5,n/a,n/a,n/a
1765857878.2229295,1668813034016415389,198.0,11.6,98.5,1.1,18.3,45.9,22.6,n/a,n/a,n/a
1765857878.4280398,1668813034041253618,202.5,11.8,97.8,1.1,18.7,50.0,23.1,n/a,n/a,n/a
1765857878.849135,1668813034111043652,175.4,10.6,83.4,0.9,16.2,47.0,17.3,n/a,n/a,n/a
1765857879.0319977,1668813034150743574,187.8,11.6,92.4,1.1,21.1,39.0,22.8,n/a,n/a,n/a
1765857879.2271538,1668813034179792962,192.6,11.5,93.4,1.1,18.0,46.8,21.9,n/a,n/a,n/a
1765857879.4271512,1668813034215211757,189.4,11.5,95.4,1.1,15.9,44.1,21.3,n/a,n/a,n/a
1765857879.827345,1668813034283221537,185.9,10.4,89.1,1.0,18.5,48.4,18.4,n/a,n/a,n/a
1765857880.0205383,1668813034319483517,200.1,11.5,98.3,1.2,17.9,47.8,23.4,n/a,n/a,n/a
1765857880.2282045,1668813034348752923,188.6,11.7,89.4,1.1,20.3,45.1,20.9,n/a,n/a,n/a
1765857880.4240184,1668813034386164307,188.8,11.5,92.7,1.0,19.8,42.4,21.3,n/a,n/a,n/a
1765857880.6199667,1668813034420353342,183.6,11.5,88.3,1.1,18.4,45.4,18.9,n/a,n/a,n/a
1765857880.8107722,1668813034453150055,183.4,11.4,89.9,1.0,23.4,34.8,22.8,n/a,n/a,n/a
1765857881.2059412,1668813034518576132,175.7,10.5,82.7,0.9,17.8,45.3,18.5,n/a,n/a,n/a
1765857881.388791,1668813034551491428,190.3,11.6,93.7,1.1,21.1,39.6,23.4,n/a,n/a,n/a
1765857881.586207,1668813034581016515,182.3,11.6,93.1,1.0,17.4,39.5,19.7,n/a,n/a,n/a
1765857881.9819674,1668813034647796628,177.8,10.8,82.7,0.9,16.5,48.2,18.8,n/a,n/a,n/a
1765857882.1668012,1668813034682131687,197.8,11.7,94.8,1.0,16.0,50.7,23.5,n/a,n/a,n/a
1765857882.569921,1668813034748514805,180.2,10.8,82.3,0.9,17.9,49.5,18.8,n/a,n/a,n/a
1765857882.7573125,1668813034780566977,201.3,12.1,91.9,1.1,23.4,47.8,25.1,n/a,n/a,n/a
1765857882.9657311,1668813034811046360,194.0,11.5,93.8,1.0,17.2,48.2,22.3,n/a,n/a,n/a
1765857883.1669173,1668813034847766838,187.9,11.7,90.8,1.0,20.6,43.5,20.1,n/a,n/a,n/a
1765857883.362078,1668813034883446645,189.9,11.6,90.4,1.0,17.9,48.5,20.4,n/a,n/a,n/a
1765857883.5591125,1668813034918316281,185.7,11.6,90.5,1.1,19.8,39.8,22.9,n/a,n/a,n/a
1765857883.751883,1668813034945418806,189.4,11.9,90.4,1.0,17.5,48.0,20.5,n/a,n/a,n/a
1765857883.9483647,1668813034982890396,186.8,11.6,90.0,1.0,17.6,44.3,22.3,n/a,n/a,n/a
1765857884.1423526,1668813035018431881,187.5,11.7,90.6,1.0,18.5,45.2,20.4,n/a,n/a,n/a
1765857884.538943,1668813035087632131,184.8,10.6,84.4,0.9,18.8,50.4,19.7,n/a,n/a,n/a
1765857884.7309625,1668813035115611563,191.7,11.8,94.5,1.1,18.0,44.0,22.4,n/a,n/a,n/a
1765857884.93008,1668813035144245914,183.7,11.6,89.3,1.0,16.3,43.9,21.5,n/a,n/a,n/a
1765857885.1208823,1668813035182449002,184.8,11.7,89.0,1.1,17.5,45.2,20.3,n/a,n/a,n/a
1765857885.3129394,1668813035215987180,188.8,11.8,87.6,1.0,17.6,48.2,22.5,n/a,n/a,n/a
1765857885.7126567,1668813035282327281,179.6,11.4,84.5,1.0,16.9,45.7,20.2,n/a,n/a,n/a
1765857885.8994188,1668813035316716545,184.1,12.5,90.1,1.0,17.8,39.8,23.0,n/a,n/a,n/a
1765857886.090618,1668813035353116675,194.1,11.7,94.7,1.0,16.4,47.8,22.6,n/a,n/a,n/a
1765857886.2916887,1668813035387172088,191.0,12.3,89.8,1.0,18.1,47.2,22.5,n/a,n/a,n/a
1765857886.489791,1668813035423002841,188.5,11.7,93.5,1.1,21.2,39.2,21.7,n/a,n/a,n/a
1765857886.8934655,1668813035480684239,179.7,11.9,82.1,0.8,18.8,47.7,18.3,n/a,n/a,n/a
1765857887.0802546,1668813035520559793,198.0,11.7,93.0,0.9,18.6,49.8,24.0,n/a,n/a,n/a
1765857887.2852597,1668813035556664576,189.5,12.6,90.4,0.9,17.7,47.4,20.6,n/a,n/a,n/a
1765857887.6949065,1668813035621136948,176.9,11.9,82.6,0.8,16.5,44.8,20.2,n/a,n/a,n/a
1765857874.671565,1668813033381426359,187.1,11.6,91.4,0.9,16.9,41.7,24.5,11423.3,27,423.1
1765857887.8787992,1668813035648046969,196.9,13.4,92.1,0.9,16.0,45.2,29.3,n/a,n/a,n/a
1765857888.0829222,1668813035678596009,161.1,12.3,84.7,1.0,3.7,34.1,25.4,n/a,n/a,n/a
1765857888.4319456,1668813035756818974,164.1,13.2,83.0,0.9,3.8,40.1,23.1,n/a,n/a,n/a
1765857888.6041298,1668813035785430020,183.7,14.1,93.5,1.1,4.5,42.3,28.2,n/a,n/a,n/a
1765857888.795299,1668813035820929362,175.3,14.0,89.2,1.5,4.4,40.5,25.6,n/a,n/a,n/a
1765857888.9778028,1668813035853689475,173.8,14.5,86.1,1.1,5.2,41.1,25.7,n/a,n/a,n/a
1765857889.1595147,1668813035886541024,169.3,16.0,88.4,1.1,4.0,33.4,26.3,n/a,n/a,n/a
1765857889.3361647,1668813035926387561,166.4,12.8,82.7,0.8,13.3,34.8,21.9,n/a,n/a,n/a
1765857889.7132366,1668813035986117185,162.8,11.2,81.4,0.7,15.4,35.3,18.8,n/a,n/a,n/a
1765857889.882954,1668813036024520298,188.4,13.3,89.0,0.8,19.1,43.9,22.2,n/a,n/a,n/a
1765857890.0783558,1668813036058627891,181.8,12.6,86.6,0.8,18.1,43.6,20.0,n/a,n/a,n/a
1765857890.4714618,1668813036121016056,186.6,12.0,86.7,0.7,21.3,44.3,21.5,n/a,n/a,n/a
1765857890.6648266,1668813036153898053,189.8,13.4,91.3,0.8,14.9,43.9,25.3,n/a,n/a,n/a
1765857890.8615236,1668813036185661115,182.1,13.5,89.5,0.8,16.5,40.9,20.9,n/a,n/a,n/a
1765857891.0504231,1668813036219315629,178.9,13.1,86.0,0.8,16.2,42.4,20.5,n/a,n/a,n/a
1765857891.2363448,1668813036249964279,185.5,13.5,88.7,0.7,16.2,43.4,22.9,n/a,n/a,n/a
1765857891.4286516,1668813036285923858,183.4,13.5,89.3,0.8,16.7,41.5,21.5,n/a,n/a,n/a
1765857891.6189797,1668813036314027015,190.6,13.7,88.8,0.8,16.1,50.4,20.9,n/a,n/a,n/a
1765857892.0198648,1668813036386746335,181.6,10.9,86.1,0.7,16.7,42.9,24.3,n/a,n/a,n/a
1765857892.2083972,1668813036421631911,184.3,13.5,90.8,0.8,17.2,38.4,23.6,n/a,n/a,n/a
1765857892.3997574,1668813036449357911,177.4,13.4,86.1,0.8,16.7,40.6,19.8,n/a,n/a,n/a
1765857892.583938,1668813036483656569,177.1,11.8,86.7,0.8,17.4,40.0,20.3,n/a,n/a,n/a
1765857892.7679791,1668813036517086258,185.1,13.4,90.5,0.8,16.1,41.0,23.2,n/a,n/a,n/a
1765857892.95994,1668813036553689970,185.8,13.4,88.6,0.8,22.1,41.2,19.7,n/a,n/a,n/a
1765857893.1527345,1668813036583611460,176.3,12.5,88.0,0.8,23.4,30.9,20.7,n/a,n/a,n/a
1765857893.3360195,1668813036616665227,183.4,13.0,90.2,0.8,19.8,38.5,21.1,n/a,n/a,n/a
1765857893.5263329,1668813036649992871,174.9,11.8,85.9,0.8,17.1,40.0,19.3,n/a,n/a,n/a
1765857893.7080905,1668813036680949330,176.2,11.8,88.4,0.8,17.1,37.7,20.3,n/a,n/a,n/a
1765857893.8911953,1668813036719112475,184.4,11.6,92.1,0.8,17.1,39.3,23.4,n/a,n/a,n/a
1765857894.0826075,1668813036749218280,189.3,13.3,89.2,0.9,13.4,52.2,20.3,n/a,n/a,n/a
1765857894.2790377,1668813036781872191,179.0,12.5,91.5,0.9,16.0,36.0,22.1,n/a,n/a,n/a
1765857894.4652343,1668813036817173125,181.7,11.7,92.3,0.9,16.0,39.4,21.4,n/a,n/a,n/a
1765857894.6540797,1668813036850368909,183.8,12.2,88.9,0.9,17.2,42.8,21.9,n/a,n/a,n/a
1765857894.8451698,1668813036883717986,180.3,11.5,92.8,0.9,16.9,36.7,21.4,n/a,n/a,n/a
1765857895.2385483,1668813036950206151,184.4,10.4,87.0,0.9,16.1,48.5,21.5,n/a,n/a,n/a
1765857895.430128,1668813036984306373,200.0,13.0,97.9,1.0,18.5,45.5,24.0,n/a,n/a,n/a
1765857895.8501358,1668813037049071183,181.4,11.1,89.2,0.9,17.5,42.1,20.7,n/a,n/a,n/a
1765857896.0387113,1668813037083480342,200.0,13.3,97.7,1.0,16.4,47.4,24.2,n/a,n/a,n/a
1765857896.2462902,1668813037127120162,187.3,12.6,98.3,1.0,18.0,35.1,22.2,n/a,n/a,n/a
1765857896.6560845,1668813037192456853,192.9,10.3,88.9,1.0,19.2,51.1,22.4,n/a,n/a,n/a
1765857896.8562586,1668813037215483567,204.8,12.9,99.7,1.1,16.8,49.6,24.8,n/a,n/a,n/a
1765857897.0683284,1668813037254304933,236.5,16.8,121.5,1.2,22.6,49.6,24.7,n/a,n/a,n/a
1765857897.5233772,1668813037321536338,194.3,11.7,89.2,1.0,20.4,51.6,20.3,n/a,n/a,n/a
1765857897.724893,1668813037356509672,198.4,11.5,98.4,1.1,15.8,45.8,25.8,n/a,n/a,n/a
1765857897.9305258,1668813037387725360,198.6,11.2,95.5,1.1,16.2,51.3,23.3,n/a,n/a,n/a
1765857898.1364386,1668813037417053237,196.2,11.4,96.7,1.1,16.6,48.1,22.4,n/a,n/a,n/a
1765857898.557766,1668813037487414797,195.7,10.3,88.8,1.1,16.9,58.1,20.5,n/a,n/a,n/a
1765857898.760731,1668813037520526283,212.3,11.5,100.7,1.2,18.6,56.4,24.1,n/a,n/a,n/a
1765857898.9806004,1668813037541385303,216.4,12.3,96.5,1.1,16.7,66.2,23.5,n/a,n/a,n/a
1765857899.2043052,1668813037574817097,192.9,12.7,93.6,1.1,15.8,48.1,21.7,n/a,n/a,n/a
1765857899.6156666,1668813037643638162,187.8,10.7,88.1,1.0,15.9,51.2,21.0,n/a,n/a,n/a
1765857899.8109686,1668813037685440314,261.0,15.4,137.9,1.5,22.4,57.2,26.7,n/a,n/a,n/a
1765857887.481747,1668813035583947969,205.7,11.7,93.1,0.9,17.0,49.9,33.1,10705.2,41,261.1
1765857900.0793226,1668813037708901528,180.7,11.5,92.2,1.2,4.8,38.6,32.4,n/a,n/a,n/a
1765857900.468433,1668813037778375407,152.7,11.0,80.2,1.1,3.3,35.0,22.1,n/a,n/a,n/a
1765857900.629192,1668813037808286482,167.5,13.4,91.3,1.2,6.0,29.0,26.6,n/a,n/a,n/a
1765857900.8045018,1668813037843395278,168.9,13.4,86.9,1.1,4.8,32.1,30.6,n/a,n/a,n/a
1765857901.2322,1668813037913711658,178.5,10.2,89.0,0.9,13.7,43.2,21.4,n/a,n/a,n/a
1765857901.4180527,1668813037945958662,263.9,16.6,140.5,1.5,30.0,49.5,25.8,n/a,n/a,n/a
1765857901.6893566,1668813037977855255,251.1,18.4,135.7,1.4,22.1,46.6,27.0,n/a,n/a,n/a
1765857902.1518786,1668813038049654310,186.3,11.7,92.4,1.0,19.6,41.4,20.2,n/a,n/a,n/a
1765857902.3455992,1668813038076622756,252.3,19.0,139.1,1.4,26.0,40.2,26.6,n/a,n/a,n/a
1765857902.6052072,1668813038111743960,233.2,17.7,128.6,1.4,22.7,36.9,26.0,n/a,n/a,n/a
1765857903.0934925,1668813038180905756,222.7,16.3,117.5,1.2,21.1,42.9,23.7,n/a,n/a,n/a
1765857903.323522,1668813038217369992,192.1,12.9,97.5,1.1,22.5,32.2,25.9,n/a,n/a,n/a
1765857903.522816,1668813038248292974,222.5,16.5,118.0,1.3,21.0,39.8,26.0,n/a,n/a,n/a
1765857903.9572804,1668813038316423324,184.0,11.8,87.3,1.0,16.5,46.6,20.9,n/a,n/a,n/a
1765857904.148515,1668813038352865161,242.5,15.8,130.5,1.4,24.5,41.0,29.4,n/a,n/a,n/a
1765857904.3983495,1668813038381035597,188.3,13.1,92.8,1.1,17.8,39.5,24.0,n/a,n/a,n/a
1765857904.7976813,1668813038450792417,181.0,11.2,88.1,1.2,16.4,41.9,22.2,n/a,n/a,n/a
1765857904.9858902,1668813038487097371,191.4,11.3,98.9,1.2,18.9,36.0,25.1,n/a,n/a,n/a
1765857905.1845648,1668813038515527118,235.3,14.6,118.4,1.3,27.5,46.0,27.4,n/a,n/a,n/a
1765857905.4272616,1668813038551167205,191.5,11.7,98.5,1.2,16.9,37.0,26.2,n/a,n/a,n/a
1765857905.8344693,1668813038615114533,172.7,10.4,84.8,1.1,15.6,39.8,21.1,n/a,n/a,n/a
1765857906.014462,1668813038649310390,194.5,13.3,95.2,1.2,20.3,37.7,26.8,n/a,n/a,n/a
1765857906.2161553,1668813038685714975,221.0,14.6,120.2,1.3,21.2,37.3,26.4,n/a,n/a,n/a
1765857906.4442985,1668813038720236782,178.4,11.6,92.6,1.1,17.8,31.1,24.2,n/a,n/a,n/a
1765857906.8351529,1668813038784403571,178.9,11.0,84.5,1.0,17.0,43.2,22.2,n/a,n/a,n/a
1765857907.0211291,1668813038822053355,224.7,16.1,117.0,1.3,25.3,36.4,28.6,n/a,n/a,n/a
1765857907.2535677,1668813038852259416,185.1,12.9,90.1,1.1,17.9,38.7,24.4,n/a,n/a,n/a
1765857907.648035,1668813038915472006,181.9,11.5,85.2,1.0,17.2,44.8,22.2,n/a,n/a,n/a
1765857907.8370922,1668813038943994523,187.5,11.6,93.4,1.1,16.7,37.7,27.0,n/a,n/a,n/a
1765857908.031976,1668813038977310233,185.9,11.5,94.9,1.1,16.9,36.9,24.6,n/a,n/a,n/a
1765857908.4628778,1668813039047728201,177.4,10.4,85.8,0.9,15.9,42.2,22.1,n/a,n/a,n/a
1765857908.647342,1668813039081027109,201.1,13.0,95.3,1.1,26.5,36.6,28.6,n/a,n/a,n/a
1765857908.8557107,1668813039107901509,215.9,14.6,115.8,1.2,20.3,37.0,27.1,n/a,n/a,n/a
1765857909.280282,1668813039193167977,209.8,13.5,107.1,1.1,23.1,39.7,25.3,n/a,n/a,n/a
1765857909.4972556,1668813039217068739,189.1,11.4,95.3,1.1,18.4,35.4,27.5,n/a,n/a,n/a
1765857909.6940224,1668813039248038869,183.3,12.0,93.0,1.1,15.8,35.2,26.2,n/a,n/a,n/a
1765857909.8845038,1668813039280921229,178.1,11.4,90.5,1.0,22.2,27.8,25.1,n/a,n/a,n/a
1765857910.0701866,1668813039310744691,213.6,15.0,116.3,1.1,20.6,32.6,28.0,n/a,n/a,n/a
1765857910.2911587,1668813039344133088,178.4,11.6,90.3,1.0,20.4,28.7,26.3,n/a,n/a,n/a
1765857910.4768612,1668813039377355679,180.1,11.6,91.2,1.0,16.8,33.8,25.6,n/a,n/a,n/a
1765857910.8718936,1668813039449875124,171.4,10.4,83.5,1.0,17.6,35.9,23.1,n/a,n/a,n/a
1765857911.0505857,1668813039475559879,191.3,11.5,97.8,1.0,17.9,34.3,28.8,n/a,n/a,n/a
1765857899.4045374,1668813037614339776,203.9,11.7,95.8,1.1,19.8,42.5,33.1,10293.8,51,201.8
1765857911.249761,1668813039511226443,186.2,13.8,94.1,1.0,16.1,26.0,35.2,n/a,n/a,n/a
1765857911.444056,1668813039545650639,159.7,13.5,84.0,1.2,3.9,17.9,39.2,n/a,n/a,n/a
1765857911.6112602,1668813039583822993,147.7,12.2,85.6,1.0,4.2,19.1,25.6,n/a,n/a,n/a
1765857911.9372623,1668813039656945591,147.1,10.8,79.4,1.1,3.5,25.6,26.7,n/a,n/a,n/a
1765857912.0924044,1668813039676408345,197.2,16.5,117.2,1.4,7.0,22.5,32.5,n/a,n/a,n/a
1765857912.297315,1668813039711363803,158.3,16.0,86.0,1.1,4.3,21.1,29.9,n/a,n/a,n/a
1765857912.463045,1668813039747660269,160.5,13.1,83.8,0.9,10.8,25.6,26.3,n/a,n/a,n/a
1765857912.8591013,1668813039811544948,167.0,11.5,81.8,0.8,15.7,34.0,23.2,n/a,n/a,n/a
1765857913.033657,1668813039847204251,179.0,11.4,92.2,1.0,16.8,31.1,26.5,n/a,n/a,n/a
1765857913.220018,1668813039885454939,177.9,12.8,90.1,0.9,16.8,33.3,23.9,n/a,n/a,n/a
1765857913.4052114,1668813039912687155,175.5,12.8,89.0,0.9,16.8,30.0,25.9,n/a,n/a,n/a
1765857913.5880613,1668813039945595057,175.7,11.5,92.1,0.9,15.6,28.9,26.6,n/a,n/a,n/a
1765857913.77124,1668813039981012143,169.5,11.5,89.3,0.9,16.8,24.9,26.1,n/a,n/a,n/a
1765857914.1391773,1668813040052832555,161.4,11.7,80.3,0.7,15.6,29.7,23.4,n/a,n/a,n/a
1765857914.3081625,1668813040084631429,184.5,12.9,92.8,0.8,16.7,32.3,29.0,n/a,n/a,n/a
1765857914.4997153,1668813040113437070,175.2,13.1,90.1,0.8,15.8,29.4,26.0,n/a,n/a,n/a
1765857914.6821642,1668813040149169365,175.2,13.3,92.6,0.8,16.5,24.3,27.7,n/a,n/a,n/a
1765857914.8646948,1668813040181669500,175.5,13.1,91.2,0.7,16.5,28.2,25.9,n/a,n/a,n/a
1765857915.047471,1668813040215519898,174.0,13.1,86.3,0.7,18.2,29.7,26.1,n/a,n/a,n/a
1765857915.2289133,1668813040246616118,173.0,13.4,88.0,0.8,17.9,27.2,25.7,n/a,n/a,n/a
1765857915.4091682,1668813040276960357,176.0,13.0,90.6,0.7,15.9,28.7,27.1,n/a,n/a,n/a
1765857915.592672,1668813040310544217,176.6,12.9,91.8,0.7,18.2,27.2,26.0,n/a,n/a,n/a
1765857915.7765846,1668813040346051691,174.9,13.4,90.4,0.7,17.9,26.1,26.4,n/a,n/a,n/a
1765857915.958673,1668813040382122949,174.3,12.0,87.6,0.8,19.6,28.0,26.2,n/a,n/a,n/a
1765857916.3426065,1668813040443440576,162.0,11.6,85.1,0.7,13.0,28.5,23.1,n/a,n/a,n/a
1765857916.5118732,1668813040478608353,180.1,11.3,89.3,0.8,17.5,33.1,28.1,n/a,n/a,n/a
1765857916.6991498,1668813040513108280,178.7,11.4,90.3,0.9,15.9,34.4,26.0,n/a,n/a,n/a
1765857916.8849905,1668813040549619195,179.8,13.0,89.9,0.9,16.6,34.8,24.7,n/a,n/a,n/a
1765857917.0720806,1668813040590670388,171.2,12.5,90.3,1.0,6.6,34.9,25.8,n/a,n/a,n/a
1765857917.454954,1668813040645744833,168.8,11.4,81.1,0.8,16.7,34.9,23.8,n/a,n/a,n/a
1765857917.6308248,1668813040685154842,186.9,13.2,94.0,0.9,16.3,34.0,28.4,n/a,n/a,n/a
1765857917.824884,1668813040721002601,178.9,12.5,88.3,0.9,16.9,34.4,25.9,n/a,n/a,n/a
1765857918.0108986,1668813040754824712,178.1,11.4,88.1,0.9,17.2,34.6,25.9,n/a,n/a,n/a
1765857918.1961296,1668813040783766632,178.8,13.2,86.7,0.9,18.6,33.0,26.4,n/a,n/a,n/a
1765857918.382331,1668813040819659662,175.4,11.3,88.2,0.8,15.4,33.5,26.2,n/a,n/a,n/a
1765857918.5649598,1668813040852407526,175.9,11.2,88.4,0.8,18.8,30.1,26.5,n/a,n/a,n/a
1765857918.7479212,1668813040888192000,177.3,11.7,88.1,0.8,17.5,33.0,26.1,n/a,n/a,n/a
1765857919.135605,1668813040956347278,170.4,10.3,83.3,0.8,17.6,34.6,23.8,n/a,n/a,n/a
1765857919.3131535,1668813040984698839,182.5,11.4,93.3,0.9,14.5,34.4,28.0,n/a,n/a,n/a
1765857919.502739,1668813041019250126,176.0,13.5,86.9,0.8,22.9,26.7,25.1,n/a,n/a,n/a
1765857919.6858478,1668813041053068103,174.4,11.5,86.6,1.0,22.1,26.8,26.4,n/a,n/a,n/a
1765857920.0639563,1668813041118857578,161.7,9.9,78.9,0.7,14.5,34.2,23.6,n/a,n/a,n/a
1765857920.2328005,1668813041153449030,184.5,12.6,92.2,0.9,16.1,34.2,28.4,n/a,n/a,n/a
1765857920.4249268,1668813041189011440,183.3,11.3,93.4,0.9,15.9,34.8,27.2,n/a,n/a,n/a
1765857920.6156933,1668813041217741553,187.7,13.2,93.0,1.0,17.4,36.5,26.6,n/a,n/a,n/a
1765857921.012235,1668813041282748630,172.4,11.5,84.4,0.8,17.7,34.6,23.5,n/a,n/a,n/a
1765857921.191745,1668813041320518990,184.9,13.2,89.8,0.9,20.0,30.9,30.3,n/a,n/a,n/a
1765857921.3839161,1668813041351297633,183.4,13.2,92.6,0.9,16.5,33.3,26.9,n/a,n/a,n/a
1765857921.574591,1668813041383831607,182.1,12.8,93.0,0.9,15.3,32.8,27.2,n/a,n/a,n/a
1765857921.7639682,1668813041419851766,184.3,13.4,92.6,0.9,16.5,34.6,26.2,n/a,n/a,n/a
1765857921.9554732,1668813041456568529,177.8,12.9,87.9,0.9,17.2,33.9,25.0,n/a,n/a,n/a
1765857922.1404953,1668813041481798414,235.2,17.5,130.7,1.2,21.5,34.9,29.2,n/a,n/a,n/a
1765857910.6641798,1668813039409467446,200.5,11.6,95.7,1.0,19.1,34.1,38.9,9840.2,63,156.2
1765857922.573385,1668813041551493107,160.4,13.5,79.1,0.9,3.6,26.0,37.4,n/a,n/a,n/a
1765857922.7423372,1668813041583982417,157.8,13.5,87.4,1.1,5.3,21.8,28.7,n/a,n/a,n/a
1765857922.908561,1668813041617379744,161.4,15.8,85.4,1.1,5.4,20.6,33.1,n/a,n/a,n/a
1765857923.078284,1668813041651526056,151.1,14.7,84.2,1.0,3.5,18.0,29.7,n/a,n/a,n/a
1765857923.2367725,1668813041689867935,173.7,13.6,89.9,0.9,14.1,28.7,26.4,n/a,n/a,n/a
1765857923.4182765,1668813041717430001,173.0,11.4,89.3,0.9,16.9,30.7,23.8,n/a,n/a,n/a
1765857923.5986195,1668813041753705066,169.9,13.1,87.1,0.9,23.8,19.8,25.2,n/a,n/a,n/a
1765857923.7756314,1668813041785772932,178.8,13.7,92.9,0.9,16.7,28.5,26.1,n/a,n/a,n/a
1765857923.9616911,1668813041821343990,177.3,13.2,88.9,1.0,19.9,27.7,26.6,n/a,n/a,n/a
1765857924.1465137,1668813041858324253,179.2,13.7,88.1,0.9,16.1,29.6,30.6,n/a,n/a,n/a
1765857924.3329694,1668813041896015714,178.0,12.0,89.1,0.9,23.3,26.3,26.4,n/a,n/a,n/a
1765857924.5183256,1668813041922075188,175.4,12.0,93.0,0.9,16.9,27.5,25.0,n/a,n/a,n/a
1765857924.7010431,1668813041955373543,182.4,12.9,93.1,1.0,19.9,30.0,25.6,n/a,n/a,n/a
1765857924.8907335,1668813041998179931,178.5,11.3,94.6,0.9,16.6,28.4,26.7,n/a,n/a,n/a
1765857925.0764651,1668813042034541205,169.4,11.0,88.4,0.9,18.4,24.9,25.8,n/a,n/a,n/a
1765857925.2530847,1668813042065027890,186.1,12.3,97.6,1.0,24.7,24.4,26.2,n/a,n/a,n/a
1765857925.4463584,1668813042099763102,182.1,11.5,94.7,0.9,15.3,32.7,27.0,n/a,n/a,n/a
1765857925.6355755,1668813042131060531,176.1,11.6,89.3,0.9,16.9,32.1,25.3,n/a,n/a,n/a
1765857925.8187916,1668813042167277178,179.6,12.2,94.3,0.9,20.5,25.6,26.1,n/a,n/a,n/a
1765857926.0056324,1668813042198405264,175.8,10.9,91.1,0.9,16.9,29.0,27.0,n/a,n/a,n/a
1765857926.384207,1668813042265849631,173.4,10.4,83.5,0.9,17.5,36.3,24.7,n/a,n/a,n/a
1765857926.5649796,1668813042310382968,184.9,11.8,93.0,1.0,17.2,32.7,29.2,n/a,n/a,n/a
1765857926.7569702,1668813042331532987,185.5,12.1,93.9,1.0,17.6,33.5,27.5,n/a,n/a,n/a
1765857926.9497128,1668813042364590580,184.3,11.3,92.9,0.9,16.4,33.4,29.4,n/a,n/a,n/a
1765857927.1410706,1668813042396930629,184.2,11.6,89.8,0.9,17.4,37.2,27.2,n/a,n/a,n/a
1765857927.532155,1668813042469687262,161.7,10.2,83.8,0.8,16.5,26.5,23.9,n/a,n/a,n/a
1765857927.7009974,1668813042505803008,191.6,11.3,95.3,0.9,16.8,38.3,28.9,n/a,n/a,n/a
1765857927.899964,1668813042535042994,181.0,11.2,90.4,1.1,17.2,35.3,25.8,n/a,n/a,n/a
1765857928.0881095,1668813042566451888,177.0,11.8,87.7,0.8,17.3,32.3,27.2,n/a,n/a,n/a
1765857928.2722228,1668813042600108950,181.9,12.7,92.5,0.8,16.3,32.2,27.5,n/a,n/a,n/a
1765857928.660351,1668813042667333329,160.3,9.6,83.1,0.8,12.6,28.9,25.2,n/a,n/a,n/a
1765857928.8276875,1668813042700708986,183.1,11.1,93.7,0.8,14.9,33.1,29.5,n/a,n/a,n/a
1765857929.0194707,1668813042738836654,175.4,10.9,86.6,0.7,16.2,33.8,27.2,n/a,n/a,n/a
1765857929.4014318,1668813042798644091,172.0,11.2,83.4,0.6,17.4,33.4,26.1,n/a,n/a,n/a
1765857929.580784,1668813042832102537,183.4,11.1,90.3,0.8,16.2,34.4,30.7,n/a,n/a,n/a
1765857929.7711537,1668813042868733393,172.8,10.7,86.2,0.8,16.7,31.3,27.2,n/a,n/a,n/a
1765857929.9511817,1668813042903796016,172.4,10.7,86.3,0.7,16.1,30.5,28.1,n/a,n/a,n/a
1765857930.1308331,1668813042933667150,171.9,10.7,89.0,0.7,13.5,29.5,28.5,n/a,n/a,n/a
1765857930.5114663,1668813043000667057,166.8,9.8,80.9,0.6,17.7,32.6,25.2,n/a,n/a,n/a
1765857930.6853375,1668813043032247536,177.8,11.2,90.9,0.7,16.3,29.3,29.4,n/a,n/a,n/a
1765857930.8703713,1668813043066689921,173.9,11.1,87.1,0.7,15.3,30.7,28.9,n/a,n/a,n/a
1765857931.0513506,1668813043098353486,185.0,11.9,91.1,0.7,17.3,32.7,31.3,n/a,n/a,n/a
1765857931.243492,1668813043133149520,165.7,11.7,85.4,0.7,16.6,23.9,27.3,n/a,n/a,n/a
1765857931.6213207,1668813043202784839,170.1,10.6,78.8,0.7,16.6,33.4,30.1,n/a,n/a,n/a
1765857931.7989454,1668813043243694636,180.3,11.3,92.4,0.7,18.0,27.8,30.2,n/a,n/a,n/a
1765857931.9863954,1668813043269828458,179.3,11.7,88.3,0.9,18.1,31.8,28.4,n/a,n/a,n/a
1765857932.1731968,1668813043303740747,175.0,11.7,86.4,0.7,18.6,29.1,28.5,n/a,n/a,n/a
1765857932.5591588,1668813043376762851,167.2,10.5,81.1,0.7,17.6,29.7,27.6,n/a,n/a,n/a
1765857932.73337,1668813043405890836,173.1,11.1,86.6,0.8,17.5,27.0,30.1,n/a,n/a,n/a
1765857920.8105876,1668813041255806540,194.5,12.8,87.5,0.9,17.2,36.8,39.4,9772.3,71,137.6
1765857932.9135442,1668813043443051055,178.8,12.2,89.5,0.8,14.3,19.5,42.5,n/a,n/a,n/a
1765857933.1000946,1668813043470157231,154.0,13.4,83.3,0.9,3.8,17.1,35.6,n/a,n/a,n/a
1765857933.2621071,1668813043507603582,153.5,13.3,85.4,0.8,3.9,18.1,32.1,n/a,n/a,n/a
1765857933.4229724,1668813043543034214,151.5,13.7,83.1,1.0,4.5,16.7,32.4,n/a,n/a,n/a
1765857933.5821145,1668813043571066263,151.7,13.4,83.4,1.0,5.4,16.9,31.7,n/a,n/a,n/a
1765857933.9089878,1668813043644735110,147.4,10.7,76.5,0.7,13.3,19.6,26.6,n/a,n/a,n/a
1765857934.0634415,1668813043674698496,177.1,11.5,88.7,0.7,16.4,28.7,31.1,n/a,n/a,n/a
1765857934.2476351,1668813043703966268,176.0,12.8,88.2,0.8,17.0,27.4,29.9,n/a,n/a,n/a
1765857934.4306896,1668813043737637102,174.0,12.5,86.5,0.7,17.8,27.1,29.5,n/a,n/a,n/a
1765857934.6119964,1668813043776956783,168.6,11.8,85.0,0.7,17.9,26.0,27.3,n/a,n/a,n/a
1765857934.9779384,1668813043840245254,157.1,10.6,79.9,0.6,15.9,22.1,27.9,n/a,n/a,n/a
1765857935.1421168,1668813043872415036,175.1,11.5,86.1,0.7,16.5,28.5,31.7,n/a,n/a,n/a
1765857935.3243675,1668813043904340524,176.6,11.4,88.9,0.7,18.3,27.9,29.4,n/a,n/a,n/a
1765857935.5082793,1668813043955244012,175.9,11.8,88.9,0.7,16.3,28.5,29.7,n/a,n/a,n/a
1765857935.6914144,1668813043966672458,176.0,11.4,89.8,0.7,16.2,28.5,29.5,n/a,n/a,n/a
1765857936.208632,1668813044037465962,162.1,10.5,79.7,0.6,16.9,27.8,26.6,n/a,n/a,n/a
1765857936.3779023,1668813044065237058,170.1,11.7,85.9,0.8,17.3,26.5,28.1,n/a,n/a,n/a
1765857936.5552528,1668813044097420302,232.1,18.6,135.4,0.8,26.8,20.0,30.4,n/a,n/a,n/a
1765857936.794508,1668813044136477131,167.2,11.3,84.6,0.7,20.5,23.1,27.1,n/a,n/a,n/a
1765857936.9688404,1668813044168500147,166.0,11.3,83.7,0.7,16.9,25.0,28.4,n/a,n/a,n/a
1765857937.3390725,1668813044243296220,162.6,10.2,78.2,0.6,17.0,29.4,27.2,n/a,n/a,n/a
1765857937.5088446,1668813044272664756,173.2,11.7,88.4,0.8,16.7,24.5,31.1,n/a,n/a,n/a
1765857937.689166,1668813044299910737,165.1,11.3,87.2,0.7,16.2,21.1,28.6,n/a,n/a,n/a
1765857937.8615158,1668813044336145017,169.1,11.7,85.1,0.7,17.1,26.0,28.6,n/a,n/a,n/a
1765857938.0378149,1668813044368723080,166.0,11.4,83.0,0.7,15.2,26.4,29.3,n/a,n/a,n/a
1765857938.4044304,1668813044436487564,173.6,10.2,82.5,0.7,18.0,33.0,29.1,n/a,n/a,n/a
1765857938.5852754,1668813044469172392,181.2,11.8,89.0,0.8,19.4,30.7,29.7,n/a,n/a,n/a
1765857938.7737424,1668813044501495153,177.4,11.8,90.1,0.8,16.1,28.3,30.4,n/a,n/a,n/a
1765857938.9585428,1668813044538192990,175.8,11.8,89.7,0.7,15.8,28.0,29.9,n/a,n/a,n/a
1765857939.1415944,1668813044571585439,177.7,11.4,89.7,0.9,16.9,29.3,29.5,n/a,n/a,n/a
1765857939.3264205,1668813044606931660,176.1,11.3,88.6,0.7,17.0,28.4,30.2,n/a,n/a,n/a
1765857939.509764,1668813044645160633,173.8,11.3,89.2,0.7,15.5,27.2,29.9,n/a,n/a,n/a
1765857939.8877988,1668813044705966865,164.0,10.3,78.9,0.6,16.2,30.8,27.1,n/a,n/a,n/a
1765857940.0590591,1668813044738567013,177.8,11.8,88.3,0.8,20.4,25.3,31.2,n/a,n/a,n/a
1765857940.2442007,1668813044777137178,177.2,11.4,88.6,0.8,17.3,27.5,31.6,n/a,n/a,n/a
1765857940.4287965,1668813044803582610,174.5,11.4,85.5,0.8,18.7,29.6,28.6,n/a,n/a,n/a
1765857940.6105843,1668813044834776875,178.4,11.8,89.7,0.8,18.5,28.2,29.4,n/a,n/a,n/a
1765857940.7961543,1668813044880149879,177.2,11.5,89.1,0.7,17.3,29.5,29.2,n/a,n/a,n/a
1765857940.9807591,1668813044907269366,182.2,12.2,92.0,0.8,14.7,27.1,35.2,n/a,n/a,n/a
1765857941.365421,1668813044971392726,169.6,10.7,82.6,0.7,16.1,30.8,28.7,n/a,n/a,n/a
1765857941.5422976,1668813045003316737,176.9,11.6,87.7,0.8,16.1,27.4,33.3,n/a,n/a,n/a
1765857941.7273657,1668813045039891541,177.5,11.9,90.3,0.8,15.9,28.8,29.8,n/a,n/a,n/a
1765857941.9121518,1668813045076671364,173.8,11.4,90.4,0.8,16.1,26.2,28.9,n/a,n/a,n/a
1765857942.0931199,1668813045102647737,177.1,11.5,91.0,0.8,17.3,27.0,29.5,n/a,n/a,n/a
1765857942.277528,1668813045136074101,177.3,11.5,89.3,0.7,17.1,29.1,29.6,n/a,n/a,n/a
1765857942.462277,1668813045169289732,176.9,11.4,91.0,0.7,15.5,28.9,29.3,n/a,n/a,n/a
1765857942.8484697,1668813045243567486,170.1,10.6,82.4,0.7,17.3,31.8,27.3,n/a,n/a,n/a
1765857943.025856,1668813045274140033,178.6,11.8,90.9,0.8,20.0,24.4,30.7,n/a,n/a,n/a
1765857932.3556726,1668813043338555342,196.2,12.0,91.8,0.6,15.4,29.7,46.7,9274.8,79,117.4
1765857943.211494,1668813045310003142,164.8,12.2,83.3,0.8,4.6,21.0,42.9,n/a,n/a,n/a
1765857943.3841956,1668813045339793053,162.3,13.5,86.4,1.0,3.8,20.4,37.2,n/a,n/a,n/a
1765857943.554911,1668813045375985759,153.0,12.3,83.9,0.8,4.8,21.0,30.2,n/a,n/a,n/a
1765857943.8952918,1668813045441860765,144.7,11.6,74.7,0.8,3.4,20.1,34.1,n/a,n/a,n/a
1765857944.047627,1668813045473020174,148.1,11.7,81.2,0.8,3.3,21.2,29.8,n/a,n/a,n/a
1765857944.2030125,1668813045511148964,174.0,11.9,85.8,0.7,18.3,30.8,26.4,n/a,n/a,n/a
1765857944.3841395,1668813045537686537,180.0,11.8,89.2,0.7,19.1,31.9,27.3,n/a,n/a,n/a
1765857944.5714695,1668813045573338431,180.4,12.0,88.7,0.7,19.1,31.3,28.7,n/a,n/a,n/a
1765857944.9683943,1668813045647528927,168.8,10.5,83.6,0.6,16.5,32.6,25.1,n/a,n/a,n/a
1765857945.1444461,1668813045678806705,174.7,11.9,89.0,0.8,16.7,27.9,28.5,n/a,n/a,n/a
1765857945.326589,1668813045708700764,180.0,12.1,89.5,0.7,18.7,32.0,27.0,n/a,n/a,n/a
1765857945.5140665,1668813045739099080,178.1,11.9,92.7,0.7,15.3,29.6,27.9,n/a,n/a,n/a
1765857945.8992612,1668813045811883438,158.6,10.4,84.4,0.7,16.3,21.4,25.4,n/a,n/a,n/a
1765857946.0653248,1668813045844714560,191.7,11.8,95.5,0.8,17.4,34.3,31.9,n/a,n/a,n/a
1765857946.2646382,1668813045873314377,181.2,12.0,93.1,0.7,17.0,28.9,29.4,n/a,n/a,n/a
1765857946.453346,1668813045907953867,170.2,11.5,87.5,0.9,16.5,27.1,26.8,n/a,n/a,n/a
1765857946.630979,1668813045947920003,177.9,11.5,92.6,0.8,15.7,30.3,27.0,n/a,n/a,n/a
1765857947.0208213,1668813046015588042,166.0,10.7,82.5,0.8,15.2,31.8,24.9,n/a,n/a,n/a
1765857947.194178,1668813046043697852,188.0,12.5,92.5,0.8,19.6,32.8,29.8,n/a,n/a,n/a
1765857947.390029,1668813046079641870,175.5,12.5,86.9,0.8,17.5,30.9,27.0,n/a,n/a,n/a
1765857947.5730572,1668813046110382248,179.6,12.0,92.1,0.8,16.7,31.3,26.8,n/a,n/a,n/a
1765857947.9592285,1668813046177454624,170.4,10.7,85.0,0.7,17.1,34.3,22.7,n/a,n/a,n/a
1765857948.1374478,1668813046214046736,184.6,11.8,91.4,0.8,17.3,34.1,29.2,n/a,n/a,n/a
1765857948.329547,1668813046249869204,172.2,11.4,86.9,0.7,18.6,29.2,25.4,n/a,n/a,n/a
1765857948.5088067,1668813046278614120,175.0,11.7,85.3,0.8,18.3,32.2,26.6,n/a,n/a,n/a
1765857948.691197,1668813046312872333,177.8,12.0,90.1,0.7,17.6,33.0,24.4,n/a,n/a,n/a
1765857948.876234,1668813046341660652,173.9,11.9,86.1,0.7,21.2,29.0,24.9,n/a,n/a,n/a
1765857949.2553494,1668813046422416254,164.4,10.6,81.3,0.7,16.2,33.7,22.0,n/a,n/a,n/a
1765857949.4268868,1668813046440848140,176.7,11.3,89.7,0.8,16.4,32.2,26.4,n/a,n/a,n/a
1765857949.6107333,1668813046471702527,176.7,11.3,88.0,0.8,18.2,33.5,24.9,n/a,n/a,n/a
1765857949.7948499,1668813046510894902,175.9,11.7,89.4,0.8,16.9,30.0,27.1,n/a,n/a,n/a
1765857949.978024,1668813046541592066,177.1,11.3,88.2,0.8,18.0,34.0,24.8,n/a,n/a,n/a
1765857950.1625059,1668813046572165007,173.8,11.3,89.6,0.8,16.1,30.9,25.2,n/a,n/a,n/a
1765857950.3436806,1668813046614560773,173.9,11.3,87.5,0.8,17.5,32.3,24.7,n/a,n/a,n/a
1765857950.5249245,1668813046649535992,172.7,11.2,88.4,0.8,14.8,32.7,24.8,n/a,n/a,n/a
1765857950.7049015,1668813046677776871,175.6,11.7,89.2,0.8,18.2,31.9,23.8,n/a,n/a,n/a
1765857950.8878934,1668813046713772318,176.2,12.0,89.2,0.8,16.8,32.8,24.8,n/a,n/a,n/a
1765857951.0714178,1668813046741451810,165.9,11.6,85.8,0.8,16.4,28.5,22.9,n/a,n/a,n/a
1765857951.2446432,1668813046775505176,169.7,11.4,85.8,0.7,17.1,29.8,24.8,n/a,n/a,n/a
1765857951.4219518,1668813046809062799,175.7,12.0,89.3,0.7,14.9,32.2,26.6,n/a,n/a,n/a
1765857951.6050527,1668813046841909966,163.5,11.5,87.1,0.7,13.8,27.3,23.1,n/a,n/a,n/a
1765857951.9712248,1668813046910050154,163.1,10.3,81.9,0.6,16.4,32.1,21.8,n/a,n/a,n/a
1765857952.1414883,1668813046944467230,181.3,11.9,92.3,0.8,17.6,31.1,27.6,n/a,n/a,n/a
1765857952.3300776,1668813046973399982,175.6,11.3,87.2,0.7,18.1,33.8,24.4,n/a,n/a,n/a
1765857952.5132344,1668813047008942879,175.5,11.4,88.4,0.7,16.9,31.9,26.1,n/a,n/a,n/a
1765857952.6961122,1668813047043628281,176.8,11.4,88.6,0.7,16.4,35.5,24.2,n/a,n/a,n/a
1765857952.880308,1668813047074148264,176.7,11.4,88.7,0.7,19.0,33.1,23.7,n/a,n/a,n/a
1765857953.0643828,1668813047116035302,172.3,11.7,88.3,0.7,16.4,31.1,24.1,n/a,n/a,n/a
1765857953.244122,1668813047146104015,172.7,11.7,86.0,0.7,18.7,31.1,24.3,n/a,n/a,n/a
1765857953.4240255,1668813047177658374,173.4,11.3,88.5,0.7,14.9,32.9,25.1,n/a,n/a,n/a
1765857953.6055498,1668813047213141372,177.2,12.8,86.3,0.7,20.1,27.8,29.4,n/a,n/a,n/a
1765857953.7905366,1668813047244147031,176.2,11.3,88.4,0.7,15.3,34.5,26.0,n/a,n/a,n/a
1765857942.6465046,1668813045202341040,194.5,11.8,91.1,0.7,16.2,29.6,45.1,9929.5,87,114.1
1765857953.9741406,1668813047278230249,172.9,11.7,87.2,0.7,14.7,34.1,24.6,n/a,n/a,n/a
1765857954.1550274,1668813047312389965,160.7,12.0,79.9,1.1,4.2,24.3,39.2,n/a,n/a,n/a
1765857954.500573,1668813047374572521,143.2,11.4,78.2,0.8,4.5,22.9,25.4,n/a,n/a,n/a
1765857954.6511984,1668813047407130352,155.8,13.8,88.1,0.8,3.6,21.7,27.7,n/a,n/a,n/a
1765857954.8145244,1668813047452972294,141.2,12.3,81.1,0.7,3.3,20.5,23.2,n/a,n/a,n/a
1765857954.9631832,1668813047478366682,174.5,12.0,89.8,0.7,17.3,31.0,23.6,n/a,n/a,n/a
1765857955.145179,1668813047511304988,173.4,11.5,88.7,0.7,15.7,31.4,25.5,n/a,n/a,n/a
1765857955.3257623,1668813047550170201,165.7,11.8,84.5,0.6,15.9,29.8,23.1,n/a,n/a,n/a
1765857955.6869204,1668813047616730112,152.2,10.1,82.2,0.6,15.2,23.2,20.9,n/a,n/a,n/a
1765857955.8462994,1668813047647112026,176.4,11.2,92.6,0.6,16.4,31.2,24.4,n/a,n/a,n/a
1765857956.0299244,1668813047681713440,168.8,11.3,85.0,0.6,16.9,32.1,22.8,n/a,n/a,n/a
1765857956.206047,1668813047707733760,173.3,11.7,88.5,0.6,16.4,34.5,21.6,n/a,n/a,n/a
1765857956.3865175,1668813047749571907,170.7,11.3,86.3,0.6,18.1,32.0,22.3,n/a,n/a,n/a
1765857956.7539413,1668813047812273826,163.5,10.6,82.7,0.6,16.0,32.7,20.7,n/a,n/a,n/a
1765857956.9246886,1668813047855118297,179.8,11.3,92.8,0.7,17.0,32.8,25.3,n/a,n/a,n/a
1765857957.1117082,1668813047878015776,162.7,11.8,85.5,0.7,17.1,25.4,22.4,n/a,n/a,n/a
1765857957.28192,1668813047911434228,169.4,11.9,88.9,0.6,15.5,29.4,23.2,n/a,n/a,n/a
1765857957.4586017,1668813047946400993,170.2,12.8,87.6,0.6,16.1,30.1,23.0,n/a,n/a,n/a
1765857957.8244472,1668813048010533422,167.3,12.1,88.3,0.6,16.5,29.1,20.7,n/a,n/a,n/a
1765857957.9997723,1668813048046118338,167.2,11.5,86.9,0.6,20.7,24.3,23.2,n/a,n/a,n/a
1765857958.1744537,1668813048075098133,169.6,11.9,88.1,0.6,16.0,30.2,22.8,n/a,n/a,n/a
1765857958.3514452,1668813048111012644,162.5,12.0,83.9,0.6,16.1,28.6,21.3,n/a,n/a,n/a
1765857958.5214198,1668813048144329720,168.2,11.4,88.6,0.6,15.7,29.7,22.3,n/a,n/a,n/a
1765857958.6970866,1668813048187013326,171.0,11.8,87.2,0.5,16.5,32.3,22.7,n/a,n/a,n/a
1765857958.8752964,1668813048211401147,169.8,11.9,87.2,0.6,18.1,30.0,22.0,n/a,n/a,n/a
1765857959.0524182,1668813048246304879,168.6,11.9,86.4,0.5,18.7,28.9,22.2,n/a,n/a,n/a
1765857959.2283301,1668813048286404388,163.5,11.5,83.8,0.5,16.7,30.3,20.7,n/a,n/a,n/a
1765857959.5765135,1668813048349762488,160.4,11.9,87.8,0.5,15.7,24.3,20.2,n/a,n/a,n/a
1765857959.7440176,1668813048381453785,168.5,11.6,86.2,0.5,17.0,31.2,21.9,n/a,n/a,n/a
1765857959.919735,1668813048422787993,162.8,12.1,84.2,0.5,15.2,30.4,20.4,n/a,n/a,n/a
1765857960.0898964,1668813048448364140,155.7,11.6,84.3,0.6,17.5,19.4,22.4,n/a,n/a,n/a
1765857960.4363146,1668813048514579144,167.9,11.6,89.8,0.5,16.0,28.7,21.3,n/a,n/a,n/a
1765857960.6115277,1668813048553903615,171.0,11.8,89.0,0.5,17.9,28.1,23.5,n/a,n/a,n/a
1765857960.7898607,1668813048578453911,167.2,11.6,88.0,0.8,15.9,27.9,23.0,n/a,n/a,n/a
1765857960.9643233,1668813048614718518,160.1,11.5,83.7,0.6,16.9,27.1,20.4,n/a,n/a,n/a
1765857961.1318967,1668813048648076922,161.7,12.0,83.2,0.5,15.4,30.3,20.3,n/a,n/a,n/a
1765857961.3011708,1668813048684415502,159.1,11.8,84.8,0.5,18.2,23.0,20.8,n/a,n/a,n/a
1765857961.4677498,1668813048725931495,159.9,11.9,83.7,0.5,21.1,22.4,20.3,n/a,n/a,n/a
1765857961.634981,1668813048756013284,160.6,11.7,83.4,0.5,19.6,24.5,20.9,n/a,n/a,n/a
1765857961.8029284,1668813048791294703,164.5,11.5,84.6,0.5,23.2,23.9,20.7,n/a,n/a,n/a
1765857961.9745767,1668813048822863863,164.1,11.4,87.0,0.6,15.3,27.2,22.7,n/a,n/a,n/a
1765857962.1458614,1668813048855017877,171.4,11.5,87.1,0.6,18.3,31.9,22.0,n/a,n/a,n/a
1765857962.3243701,1668813048891232888,167.0,12.0,86.4,0.5,15.6,29.5,23.0,n/a,n/a,n/a
1765857962.4985735,1668813048912363634,152.3,11.4,82.8,0.5,16.1,21.4,20.0,n/a,n/a,n/a
1765857962.6581106,1668813048948711621,166.7,11.9,88.0,0.5,14.5,30.2,21.6,n/a,n/a,n/a
1765857963.0163178,1668813049017173768,162.5,11.6,86.9,0.5,16.0,26.8,20.7,n/a,n/a,n/a
1765857963.1861537,1668813049047112137,161.2,11.5,82.3,0.5,16.3,27.9,22.8,n/a,n/a,n/a
1765857963.3546138,1668813049081152085,164.2,11.5,87.2,0.5,15.7,26.4,22.9,n/a,n/a,n/a
1765857963.525951,1668813049115725733,158.6,11.6,82.8,0.5,19.3,23.5,21.0,n/a,n/a,n/a
1765857963.6918619,1668813049145791673,161.7,11.4,83.2,0.5,19.2,26.3,21.1,n/a,n/a,n/a
1765857963.8609018,1668813049179307865,160.0,11.8,83.7,0.5,16.6,26.8,20.5,n/a,n/a,n/a
1765857964.028108,1668813049218991696,156.7,11.4,82.8,0.5,16.4,25.3,20.1,n/a,n/a,n/a
1765857964.1922562,1668813049253550989,166.1,11.4,87.9,0.5,18.5,26.0,21.7,n/a,n/a,n/a
1765857964.3657844,1668813049285954165,163.6,11.9,86.5,0.6,16.8,24.5,23.4,n/a,n/a,n/a
1765857964.536694,1668813049314206387,158.1,12.0,83.4,0.5,16.9,24.1,21.2,n/a,n/a,n/a
1765857964.7022336,1668813049349841210,167.0,11.6,88.0,0.5,18.8,26.5,21.6,n/a,n/a,n/a
1765857951.776197,1668813046876010906,187.6,12.1,86.6,0.7,15.4,34.1,38.8,9976.5,94,106.1
1765857964.8767905,1668813049385678488,162.1,11.7,86.4,0.5,4.6,19.0,39.7,n/a,n/a,n/a
1765857965.046786,1668813049416907797,149.4,13.0,86.9,0.7,3.5,8.8,36.6,n/a,n/a,n/a
1765857965.2044897,1668813049451832737,131.5,12.3,81.9,0.7,4.2,10.4,22.1,n/a,n/a,n/a
1765857965.344143,1668813049485700506,137.8,12.1,83.0,0.8,5.6,9.2,27.1,n/a,n/a,n/a
1765857965.4906387,1668813049516645881,132.5,12.3,82.8,0.7,4.3,8.7,23.7,n/a,n/a,n/a
1765857965.6307771,1668813049549881786,124.4,11.6,79.0,0.5,3.1,8.7,21.5,n/a,n/a,n/a
1765857965.7624986,1668813049584620895,146.4,11.8,82.1,0.6,15.6,16.1,20.3,n/a,n/a,n/a
1765857965.9163997,1668813049616166802,151.0,11.6,84.5,0.5,19.3,15.6,19.5,n/a,n/a,n/a
1765857966.074867,1668813049649469336,154.9,12.1,86.7,0.5,18.5,15.1,22.1,n/a,n/a,n/a
1765857966.2371361,1668813049683403454,149.8,11.7,84.9,0.6,19.0,11.7,21.9,n/a,n/a,n/a
1765857966.3960035,1668813049719118415,155.7,11.8,88.3,0.5,18.7,14.1,22.2,n/a,n/a,n/a
1765857966.559122,1668813049748433340,151.3,11.7,85.4,0.6,15.3,17.0,21.4,n/a,n/a,n/a
1765857966.7178013,1668813049786204341,150.6,12.0,84.3,0.6,16.5,16.8,20.3,n/a,n/a,n/a
1765857966.8755093,1668813049823166692,151.2,11.5,84.2,0.6,23.1,10.8,21.1,n/a,n/a,n/a
1765857967.0342698,1668813049851908658,157.7,11.6,87.8,0.6,18.8,16.9,22.1,n/a,n/a,n/a
1765857967.199276,1668813049886413510,154.2,12.2,85.2,0.6,20.4,14.0,21.8,n/a,n/a,n/a
1765857967.536236,1668813049952699639,147.8,11.2,79.8,0.5,17.0,17.2,22.1,n/a,n/a,n/a
1765857967.6916344,1668813049988968276,159.8,11.8,86.3,0.6,20.9,15.5,24.8,n/a,n/a,n/a
1765857967.8588576,1668813050018203910,160.0,11.8,88.0,0.7,20.0,14.9,24.8,n/a,n/a,n/a
1765857968.026279,1668813050052163094,156.7,12.1,88.1,0.7,17.2,16.8,21.9,n/a,n/a,n/a
1765857968.3804362,1668813050119330110,145.8,11.0,80.1,0.5,16.0,17.2,21.0,n/a,n/a,n/a
1765857968.5337749,1668813050158450149,160.0,12.1,88.5,0.7,16.8,17.3,24.6,n/a,n/a,n/a
1765857968.701315,1668813050185266807,159.7,12.1,88.6,0.7,17.1,18.7,22.5,n/a,n/a,n/a
1765857968.8686247,1668813050214857832,159.3,12.0,86.6,0.8,16.3,18.4,25.2,n/a,n/a,n/a
1765857969.035416,1668813050247324868,157.6,11.6,87.3,0.7,15.8,18.1,24.3,n/a,n/a,n/a
1765857969.391058,1668813050317697774,156.5,10.4,80.2,0.7,17.1,25.4,22.7,n/a,n/a,n/a
1765857969.5550687,1668813050354224704,171.6,11.2,92.4,0.7,16.6,23.0,27.7,n/a,n/a,n/a
1765857969.7340505,1668813050388560405,165.3,11.4,87.1,0.8,19.1,20.7,26.2,n/a,n/a,n/a
1765857970.0901053,1668813050459568080,163.4,10.3,84.8,0.7,17.5,27.0,23.2,n/a,n/a,n/a
1765857970.2609267,1668813050487466996,172.5,11.2,90.7,0.8,16.7,24.3,28.8,n/a,n/a,n/a
1765857970.6287127,1668813050559814149,155.8,10.5,82.9,0.7,13.7,23.3,24.7,n/a,n/a,n/a
1765857970.792132,1668813050590821351,176.5,11.5,89.8,0.9,16.7,26.1,31.6,n/a,n/a,n/a
1765857971.1775382,1668813050657118475,163.9,10.1,83.3,0.8,17.7,27.8,24.3,n/a,n/a,n/a
1765857971.3493094,1668813050694535181,170.0,11.7,89.0,0.8,15.5,25.3,27.7,n/a,n/a,n/a
1765857971.7225692,1668813050751615040,169.3,10.1,84.9,0.8,16.7,31.3,25.5,n/a,n/a,n/a
1765857971.8991756,1668813050788816397,179.7,11.5,93.7,0.9,17.2,27.2,29.2,n/a,n/a,n/a
1765857972.2795856,1668813050855234631,177.8,12.7,94.3,0.9,21.0,22.0,26.9,n/a,n/a,n/a
1765857972.4648337,1668813050888918150,178.0,11.5,90.0,0.9,18.1,27.9,29.5,n/a,n/a,n/a
1765857972.8493798,1668813050956946390,168.6,10.6,82.4,0.8,16.8,33.1,24.9,n/a,n/a,n/a
1765857973.0253584,1668813050988469614,181.9,11.3,91.1,1.0,16.0,31.6,30.9,n/a,n/a,n/a
1765857973.2146018,1668813051023365086,181.6,11.4,95.1,0.9,16.6,29.0,28.6,n/a,n/a,n/a
1765857973.4037569,1668813051055726031,182.4,11.4,94.4,0.9,17.0,29.6,29.1,n/a,n/a,n/a
1765857973.7952142,1668813051126345504,169.3,10.0,83.4,0.8,15.6,34.1,25.4,n/a,n/a,n/a
1765857973.9719436,1668813051151949770,176.1,11.1,89.8,0.9,19.5,26.6,28.2,n/a,n/a,n/a
1765857974.1552548,1668813051188928823,176.0,11.4,89.2,0.9,17.8,28.4,28.3,n/a,n/a,n/a
1765857974.3385549,1668813051223968006,183.8,11.5,94.2,0.9,17.6,31.9,27.7,n/a,n/a,n/a
1765857974.7335927,1668813051284594352,168.6,10.0,82.6,0.8,16.8,32.8,25.7,n/a,n/a,n/a
1765857974.9095378,1668813051321670138,181.8,11.1,93.4,0.9,16.0,31.4,29.1,n/a,n/a,n/a
1765857962.8321335,1668813048989647787,176.8,11.5,88.0,0.5,16.3,28.0,32.4,9306.8,101,92.1
1765857975.0986698,1668813051359543921,175.5,12.2,83.8,0.8,7.6,20.9,50.3,n/a,n/a,n/a
1765857975.4714572,1668813051422099316,157.5,12.1,85.9,0.9,4.4,19.8,34.4,n/a,n/a,n/a
1765857975.637245,1668813051454631078,161.5,12.1,85.7,1.3,5.2,20.1,37.0,n/a,n/a,n/a
1765857975.8072722,1668813051487959599,154.6,11.9,85.8,1.0,4.1,17.8,34.0,n/a,n/a,n/a
1765857975.969661,1668813051523123061,149.1,11.7,83.0,0.9,3.7,17.8,32.1,n/a,n/a,n/a
1765857976.3078513,1668813051587286840,166.9,10.3,79.4,0.7,16.5,31.6,28.4,n/a,n/a,n/a
1765857976.482062,1668813051630739582,182.8,11.0,90.4,0.8,17.4,30.1,33.1,n/a,n/a,n/a
1765857976.6727355,1668813051655729656,178.4,11.6,88.3,0.8,16.5,29.5,31.6,n/a,n/a,n/a
1765857976.8584466,1668813051675201154,179.0,11.3,88.7,0.8,15.6,28.7,34.0,n/a,n/a,n/a
1765857977.249331,1668813051747923999,174.2,10.0,84.7,0.7,16.6,32.9,29.3,n/a,n/a,n/a
1765857977.4310064,1668813051779978553,182.8,11.3,90.0,0.8,16.6,30.5,33.7,n/a,n/a,n/a
1765857977.621049,1668813051808650280,181.1,11.1,91.4,0.8,18.6,28.2,31.0,n/a,n/a,n/a
1765857978.0143442,1668813051876047315,173.6,10.3,84.0,0.7,14.6,34.8,29.2,n/a,n/a,n/a
1765857978.1951635,1668813051915566903,189.7,11.8,92.1,0.9,17.8,31.4,35.8,n/a,n/a,n/a
1765857978.3919857,1668813051951455165,181.2,11.4,89.8,0.8,15.4,31.4,32.5,n/a,n/a,n/a
1765857978.5803819,1668813051993211935,181.0,11.8,88.5,0.8,15.0,32.6,32.4,n/a,n/a,n/a
1765857978.9715688,1668813052044292764,176.3,10.5,82.3,0.7,16.7,36.6,29.6,n/a,n/a,n/a
1765857979.1549795,1668813052075971747,187.6,12.1,88.1,0.9,18.5,33.0,35.0,n/a,n/a,n/a
1765857979.3498747,1668813052109336947,184.6,11.9,87.9,0.8,19.5,32.5,32.0,n/a,n/a,n/a
1765857979.541587,1668813052142702480,189.0,11.5,91.6,0.8,17.3,33.1,34.8,n/a,n/a,n/a
1765857979.737754,1668813052176144086,181.3,11.6,89.5,0.8,15.7,31.9,31.8,n/a,n/a,n/a
1765857980.132792,1668813052240505178,173.2,10.3,82.7,0.7,16.3,33.1,30.0,n/a,n/a,n/a
1765857980.3130589,1668813052280072922,190.2,11.4,93.1,0.9,18.2,31.9,34.6,n/a,n/a,n/a
1765857980.5106256,1668813052308507048,180.9,11.6,87.4,0.8,16.0,32.6,32.5,n/a,n/a,n/a
1765857980.6987073,1668813052345426237,183.8,11.4,88.7,0.8,15.2,34.6,33.1,n/a,n/a,n/a
1765857980.8899283,1668813052375175476,233.7,16.5,124.6,0.9,26.4,33.1,32.1,n/a,n/a,n/a
1765857981.130961,1668813052409013387,182.3,11.8,88.8,0.8,16.9,33.0,31.0,n/a,n/a,n/a
1765857981.5312426,1668813052483191123,171.9,10.4,81.0,0.7,15.4,34.2,30.2,n/a,n/a,n/a
1765857981.7102282,1668813052510753743,188.9,11.5,92.4,0.8,16.9,32.8,34.4,n/a,n/a,n/a
1765857981.906409,1668813052552208782,265.4,19.7,149.7,1.0,29.5,30.3,35.1,n/a,n/a,n/a
1765857982.1791072,1668813052584394388,182.6,11.5,87.1,0.8,17.4,32.5,33.3,n/a,n/a,n/a
1765857982.3687952,1668813052610495787,184.6,11.5,89.4,0.8,16.4,34.6,31.9,n/a,n/a,n/a
1765857982.5605412,1668813052645443696,182.1,11.5,85.4,0.7,17.4,33.8,33.2,n/a,n/a,n/a
1765857982.7498379,1668813052677101773,255.9,19.7,146.1,1.0,26.0,28.4,34.6,n/a,n/a,n/a
1765857983.224023,1668813052751497300,171.8,10.4,79.3,0.7,15.5,32.9,33.0,n/a,n/a,n/a
1765857983.403114,1668813052779916510,187.5,11.4,88.7,0.8,19.3,32.1,35.1,n/a,n/a,n/a
1765857983.5977676,1668813052816732745,182.2,11.2,89.0,0.8,16.4,32.0,32.7,n/a,n/a,n/a
1765857983.787077,1668813052853691398,185.8,11.3,88.7,0.8,17.4,35.6,32.1,n/a,n/a,n/a
1765857983.9801197,1668813052879509354,194.6,13.3,97.0,0.8,17.8,32.3,33.4,n/a,n/a,n/a
1765857984.181975,1668813052911399466,253.6,18.6,142.3,1.4,26.5,30.8,34.0,n/a,n/a,n/a
1765857984.4429736,1668813052943215948,260.5,18.8,142.7,1.0,32.6,30.4,35.0,n/a,n/a,n/a
1765857984.7106817,1668813052976714719,180.3,11.8,88.8,0.7,15.7,29.7,33.4,n/a,n/a,n/a
1765857984.8981683,1668813053013018730,180.0,11.7,88.4,0.7,16.6,30.3,32.4,n/a,n/a,n/a
1765857985.085317,1668813053049066921,234.2,18.3,129.6,0.9,29.9,21.4,34.1,n/a,n/a,n/a
1765857974.5297582,1668813051249219021,196.6,11.6,92.3,0.8,16.0,29.5,46.3,9296.1,112,83.0
1765857985.5301995,1668813053113042807,163.6,10.9,73.2,0.8,3.2,20.8,54.7,n/a,n/a,n/a
1765857985.7015975,1668813053148477192,167.9,12.5,87.4,1.0,5.6,21.5,39.9,n/a,n/a,n/a
1765857985.8768663,1668813053179261789,168.5,12.4,84.5,0.9,4.7,26.5,39.5,n/a,n/a,n/a
1765857986.05286,1668813053214196137,159.9,11.9,85.5,1.1,5.2,21.8,34.3,n/a,n/a,n/a
1765857986.2213483,1668813053252833370,159.2,12.6,82.3,0.9,3.9,20.9,38.6,n/a,n/a,n/a
1765857986.3883436,1668813053278559880,150.6,11.8,81.3,0.8,3.3,21.2,32.1,n/a,n/a,n/a
1765857986.5462663,1668813053309967143,177.6,11.5,84.3,0.9,16.4,31.6,32.9,n/a,n/a,n/a
1765857986.7312076,1668813053349842085,182.4,11.4,89.5,0.8,16.9,31.6,32.2,n/a,n/a,n/a
1765857986.920731,1668813053384168045,177.7,11.5,85.2,0.8,19.9,30.0,30.3,n/a,n/a,n/a
1765857987.1057825,1668813053412776970,178.9,11.6,88.6,0.7,15.0,31.2,31.7,n/a,n/a,n/a
1765857987.2917857,1668813053443972876,174.9,11.5,84.4,0.7,17.1,30.7,30.5,n/a,n/a,n/a
1765857987.47407,1668813053476805031,182.8,11.5,87.1,0.7,18.0,33.8,31.7,n/a,n/a,n/a
1765857987.6638677,1668813053512002602,172.5,11.4,84.3,0.7,16.6,28.8,30.7,n/a,n/a,n/a
1765857987.843364,1668813053544542007,172.6,11.5,83.4,0.7,15.1,30.6,31.4,n/a,n/a,n/a
1765857988.0230823,1668813053576755786,172.0,11.8,84.7,0.7,16.1,27.9,30.9,n/a,n/a,n/a
1765857988.4613824,1668813053656578400,171.7,10.3,81.2,0.6,19.5,29.3,30.8,n/a,n/a,n/a
1765857988.6401265,1668813053683986627,179.5,11.4,87.2,0.8,16.3,30.7,33.1,n/a,n/a,n/a
1765857988.8268178,1668813053716562906,174.0,11.4,84.7,0.7,16.5,30.7,29.8,n/a,n/a,n/a
1765857989.0080185,1668813053743173211,178.4,11.5,86.6,0.7,20.3,27.1,32.1,n/a,n/a,n/a
1765857989.1934958,1668813053787496474,178.6,11.5,87.3,0.8,18.2,28.1,32.8,n/a,n/a,n/a
1765857989.3791206,1668813053815204188,174.8,11.4,84.4,0.8,18.1,30.0,30.1,n/a,n/a,n/a
1765857989.5609996,1668813053851928303,174.5,11.5,86.8,0.8,18.4,26.1,30.9,n/a,n/a,n/a
1765857989.742422,1668813053888002561,183.3,12.4,95.6,0.8,19.8,22.9,31.8,n/a,n/a,n/a
1765857989.932982,1668813053917573292,177.6,11.4,88.4,0.8,17.0,28.8,31.3,n/a,n/a,n/a
1765857990.117851,1668813053950295063,182.0,11.3,89.3,0.8,19.0,30.0,31.7,n/a,n/a,n/a
1765857990.306865,1668813053983314613,179.5,11.3,88.1,0.8,16.0,31.1,32.3,n/a,n/a,n/a
1765857990.7231355,1668813054053025320,177.0,10.2,84.3,0.8,17.6,34.3,29.9,n/a,n/a,n/a
1765857990.9072385,1668813054080053460,188.0,11.2,92.9,0.9,16.5,30.9,35.7,n/a,n/a,n/a
1765857991.1021616,1668813054117781974,187.0,11.2,89.7,1.0,18.3,33.8,33.0,n/a,n/a,n/a
1765857991.2961698,1668813054153692419,183.4,11.2,87.7,0.8,18.3,32.2,33.2,n/a,n/a,n/a
1765857991.4867527,1668813054198313578,185.8,11.2,89.8,0.8,18.6,33.2,32.3,n/a,n/a,n/a
1765857991.8879764,1668813054244799406,176.8,9.6,82.7,0.8,14.5,38.5,30.6,n/a,n/a,n/a
1765857992.0718377,1668813054276722198,197.1,11.3,94.0,0.9,16.1,38.0,36.6,n/a,n/a,n/a
1765857992.2758195,1668813054313973521,183.0,11.1,87.9,0.9,16.0,33.0,34.1,n/a,n/a,n/a
1765857992.4659884,1668813054350336664,186.5,10.8,88.4,0.9,23.4,28.9,34.1,n/a,n/a,n/a
1765857992.659547,1668813054381927193,186.2,11.3,86.6,0.9,18.7,34.5,34.3,n/a,n/a,n/a
1765857993.0672164,1668813054443921655,176.5,10.2,81.6,0.7,15.3,36.5,32.2,n/a,n/a,n/a
1765857993.2508013,1668813054480655202,190.4,10.8,87.7,0.8,19.7,35.7,35.6,n/a,n/a,n/a
1765857993.4482126,1668813054509512236,184.6,10.7,86.4,0.8,16.6,34.8,35.2,n/a,n/a,n/a
1765857993.6399064,1668813054546986099,189.1,10.8,92.2,0.8,16.2,33.0,36.0,n/a,n/a,n/a
1765857993.8361466,1668813054580076143,194.1,11.3,92.3,0.8,15.9,35.8,38.0,n/a,n/a,n/a
1765857994.0371995,1668813054614591103,186.9,11.2,86.2,0.7,20.0,33.5,35.1,n/a,n/a,n/a
1765857994.45248,1668813054682066392,181.6,10.6,82.0,0.7,17.9,37.5,32.9,n/a,n/a,n/a
1765857994.641027,1668813054716353183,194.6,11.2,91.5,0.8,16.4,35.7,39.0,n/a,n/a,n/a
1765857994.8426425,1668813054750971363,186.5,11.2,85.4,0.8,16.9,34.2,37.9,n/a,n/a,n/a
1765857995.0361931,1668813054781078144,187.8,11.2,84.5,0.8,18.6,36.2,36.5,n/a,n/a,n/a
1765857995.2311203,1668813054814487620,189.8,11.3,86.5,0.7,22.5,32.1,36.6,n/a,n/a,n/a
1765857995.4279318,1668813054850112442,194.0,11.3,91.5,0.7,18.5,35.7,36.3,n/a,n/a,n/a
1765857995.6289084,1668813054877098530,190.0,10.7,90.0,0.7,16.7,33.2,38.5,n/a,n/a,n/a
1765857995.8260856,1668813054916293082,192.9,10.7,90.3,0.7,16.4,36.9,37.8,n/a,n/a,n/a
1765857985.326901,1668813053080513364,195.8,11.6,87.7,0.7,15.7,28.7,51.4,9424.6,121,77.9
1765857996.0260787,1668813054945253525,192.0,11.2,83.3,1.1,6.0,26.4,64.2,n/a,n/a,n/a
1765857996.2264776,1668813054985597802,170.3,12.6,84.9,0.9,3.6,16.8,51.5,n/a,n/a,n/a
1765857996.594942,1668813055046869150,141.5,9.9,73.3,0.7,3.2,17.9,36.6,n/a,n/a,n/a
1765857996.7436438,1668813055089502108,153.7,11.5,82.3,0.8,3.3,17.5,38.3,n/a,n/a,n/a
1765857996.90451,1668813055117826058,177.8,11.1,86.6,0.8,19.5,22.5,37.4,n/a,n/a,n/a
1765857997.0896888,1668813055149123034,183.6,11.5,91.2,0.7,17.1,24.7,38.4,n/a,n/a,n/a
1765857997.2803085,1668813055185774254,184.9,11.0,91.9,0.7,15.8,28.2,37.2,n/a,n/a,n/a
1765857997.4721859,1668813055216365212,185.7,11.1,89.3,0.7,18.5,28.3,37.9,n/a,n/a,n/a
1765857997.6648538,1668813055248121118,183.1,10.6,91.2,0.7,17.3,26.6,36.7,n/a,n/a,n/a
1765857997.8549705,1668813055278718855,178.0,10.6,85.6,0.7,18.3,25.9,36.8,n/a,n/a,n/a
1765857998.0399773,1668813055315518534,183.7,10.6,89.5,0.8,18.6,26.8,37.5,n/a,n/a,n/a
1765857998.2307382,1668813055347728721,179.4,10.6,87.1,0.8,17.7,28.3,34.9,n/a,n/a,n/a
1765857998.4171696,1668813055388580002,179.0,10.6,86.7,0.8,18.8,26.6,35.4,n/a,n/a,n/a
1765857998.6032114,1668813055421099433,179.5,11.3,88.1,0.8,18.4,25.9,35.1,n/a,n/a,n/a
1765857998.789839,1668813055457347515,177.3,10.7,86.4,0.7,17.9,25.7,36.1,n/a,n/a,n/a
1765857998.9742262,1668813055479074150,177.4,11.2,88.2,0.7,16.2,26.5,34.5,n/a,n/a,n/a
1765857999.158615,1668813055520879747,176.8,11.2,84.8,0.7,18.7,25.9,35.4,n/a,n/a,n/a
1765857999.342465,1668813055544531773,177.6,11.8,85.5,0.7,16.7,27.5,35.3,n/a,n/a,n/a
1765857999.52701,1668813055584658543,187.0,11.4,93.2,0.8,18.7,26.0,36.9,n/a,n/a,n/a
1765857999.721046,1668813055619426326,179.0,10.7,88.0,0.9,20.7,23.8,34.9,n/a,n/a,n/a
1765857999.907107,1668813055651221895,184.3,11.1,91.3,0.8,16.4,29.0,35.9,n/a,n/a,n/a
1765858000.098565,1668813055683121979,177.8,10.6,87.9,0.7,17.2,26.6,34.7,n/a,n/a,n/a
1765858000.283559,1668813055715957081,177.2,10.5,87.6,0.7,17.9,25.9,34.6,n/a,n/a,n/a
1765858000.4677951,1668813055750377907,176.4,11.0,87.6,0.7,20.2,21.9,34.9,n/a,n/a,n/a
1765858000.6512868,1668813055786342829,178.3,10.5,88.5,0.7,20.0,23.7,34.8,n/a,n/a,n/a
1765858000.8366687,1668813055813036307,178.9,10.6,87.7,0.7,16.2,28.4,35.2,n/a,n/a,n/a
1765858001.0227015,1668813055849584980,187.7,11.1,86.6,0.8,24.3,28.3,36.7,n/a,n/a,n/a
1765858001.217663,1668813055888974230,179.5,10.7,88.0,0.8,16.9,26.5,36.7,n/a,n/a,n/a
1765858001.404532,1668813055924987325,189.2,10.6,90.2,0.8,22.9,28.3,36.3,n/a,n/a,n/a
1765858001.6012926,1668813055955645718,177.1,10.8,86.3,0.8,24.4,19.4,35.5,n/a,n/a,n/a
1765858001.9927857,1668813056018700740,176.5,9.6,84.2,0.7,16.5,31.5,33.9,n/a,n/a,n/a
1765858002.176453,1668813056065370554,188.5,10.4,92.8,0.8,16.2,29.5,38.8,n/a,n/a,n/a
1765858002.372318,1668813056087913442,189.1,12.7,91.4,0.8,16.7,28.6,38.9,n/a,n/a,n/a
1765858002.5684648,1668813056130280078,181.7,10.9,88.5,0.8,16.4,29.4,35.6,n/a,n/a,n/a
1765858002.7572489,1668813056150916824,186.4,11.0,92.0,0.7,16.7,27.6,38.2,n/a,n/a,n/a
1765858002.950857,1668813056184074761,188.7,12.5,96.0,0.8,19.0,22.8,37.8,n/a,n/a,n/a
1765858003.1468563,1668813056217482591,188.2,12.3,96.1,0.7,21.7,17.8,39.7,n/a,n/a,n/a
1765858003.551896,1668813056282798769,169.7,9.6,80.9,0.6,17.4,27.3,34.0,n/a,n/a,n/a
1765858003.728585,1668813056323672587,176.5,10.5,86.4,0.8,18.1,23.5,37.2,n/a,n/a,n/a
1765858003.9122734,1668813056356686718,182.1,10.6,91.2,0.7,16.1,26.0,37.5,n/a,n/a,n/a
1765858004.1016912,1668813056390837565,180.5,11.0,89.4,0.7,20.4,20.7,38.2,n/a,n/a,n/a
1765858004.2894409,1668813056427141089,173.3,10.9,85.2,0.7,19.7,19.5,37.3,n/a,n/a,n/a
1765858004.4701905,1668813056456248292,176.4,10.7,88.8,0.6,17.3,21.6,37.4,n/a,n/a,n/a
1765858004.8747404,1668813056526890911,164.3,9.7,80.2,0.6,17.5,21.5,34.8,n/a,n/a,n/a
1765858005.0463235,1668813056556971026,173.5,10.7,86.5,0.7,16.3,21.7,37.6,n/a,n/a,n/a
1765858005.2269413,1668813056587948203,172.1,11.2,87.6,0.7,14.6,21.6,36.4,n/a,n/a,n/a
1765858005.4063797,1668813056630527090,172.3,11.2,84.9,0.7,24.0,14.3,37.3,n/a,n/a,n/a
1765858005.5860295,1668813056661280206,170.0,11.2,84.7,0.7,16.8,19.9,36.8,n/a,n/a,n/a
1765857994.2310457,1668813054647242165,214.4,11.0,91.6,0.7,15.9,35.4,59.8,8915.5,126,70.8
1765858005.9916677,1668813056725965400,155.4,10.3,77.2,0.7,3.1,13.6,50.6,n/a,n/a,n/a
1765858006.155067,1668813056760278814,159.2,12.1,83.4,0.9,3.9,12.7,46.2,n/a,n/a,n/a
1765858006.3219435,1668813056796654434,145.6,11.5,79.8,0.8,3.5,12.3,37.8,n/a,n/a,n/a
1765858006.4749513,1668813056829826041,157.9,11.1,81.1,0.7,10.2,17.8,36.9,n/a,n/a,n/a
1765858006.640272,1668813056859187789,170.8,10.9,84.0,0.7,16.5,20.4,38.4,n/a,n/a,n/a
1765858006.8184943,1668813056897559602,200.9,14.5,109.7,0.8,22.7,13.8,39.5,n/a,n/a,n/a
1765858007.2386994,1668813056968456360,161.9,9.6,80.7,0.7,15.6,17.8,37.3,n/a,n/a,n/a
1765858007.4079895,1668813057005518533,182.1,11.2,89.1,0.8,17.1,24.5,39.5,n/a,n/a,n/a
1765858007.5976298,1668813057037945653,179.7,10.8,91.6,0.7,16.0,23.0,37.6,n/a,n/a,n/a
1765858007.7847083,1668813057074708249,174.7,10.8,86.3,0.7,17.7,22.3,36.8,n/a,n/a,n/a
1765858007.9668233,1668813057102408886,207.2,14.3,110.5,0.8,23.7,18.8,39.1,n/a,n/a,n/a
1765858008.3918116,1668813057174768362,173.2,9.8,82.8,0.7,17.1,28.4,34.4,n/a,n/a,n/a
1765858008.5724277,1668813057204255187,183.8,11.3,89.7,0.8,15.8,27.0,39.2,n/a,n/a,n/a
1765858008.7639031,1668813057240821779,182.4,11.2,91.9,0.8,15.1,26.0,37.4,n/a,n/a,n/a
1765858008.9536195,1668813057272882544,177.4,10.9,87.0,0.8,19.0,24.0,35.8,n/a,n/a,n/a
1765858009.3457026,1668813057337945785,173.6,9.7,81.9,0.7,17.4,30.7,33.3,n/a,n/a,n/a
1765858009.526804,1668813057369040825,196.3,11.3,93.8,0.8,19.9,30.5,40.0,n/a,n/a,n/a
1765858009.730701,1668813057401938275,186.9,11.4,93.7,0.8,18.9,25.7,36.4,n/a,n/a,n/a
1765858009.92528,1668813057440235300,186.3,10.7,91.8,0.8,16.7,29.7,36.5,n/a,n/a,n/a
1765858010.119056,1668813057473777417,186.7,11.4,91.3,0.8,16.2,29.8,37.2,n/a,n/a,n/a
1765858010.31326,1668813057502379722,177.7,10.8,88.7,0.7,16.7,25.5,35.3,n/a,n/a,n/a
1765858010.7080145,1668813057569906954,174.6,9.7,80.5,0.7,18.3,32.2,33.1,n/a,n/a,n/a
1765858010.890082,1668813057599280729,188.0,11.3,91.0,0.8,16.7,30.3,38.1,n/a,n/a,n/a
1765858011.0858452,1668813057631851905,180.9,10.7,88.3,0.8,17.9,27.6,35.7,n/a,n/a,n/a
1765858011.2742724,1668813057674144086,177.9,11.1,88.7,0.9,15.8,25.7,35.6,n/a,n/a,n/a
1765858011.6764455,1668813057738729490,179.8,10.2,82.9,0.7,16.7,36.7,32.6,n/a,n/a,n/a
1765858011.8638427,1668813057772001004,190.9,10.6,91.2,0.8,17.5,32.3,38.4,n/a,n/a,n/a
1765858012.0622027,1668813057809887354,190.7,10.7,92.3,0.8,16.8,33.1,37.0,n/a,n/a,n/a
1765858012.2603664,1668813057843109726,179.5,11.1,88.3,0.7,16.3,28.6,34.5,n/a,n/a,n/a
1765858012.7124543,1668813057897919859,168.8,9.6,83.9,0.7,16.6,26.6,31.3,n/a,n/a,n/a
1765858012.8887234,1668813057935996869,185.8,10.7,91.7,0.8,16.7,32.4,33.5,n/a,n/a,n/a
1765858013.082048,1668813057975274742,183.9,11.2,89.3,0.8,15.8,33.0,33.8,n/a,n/a,n/a
1765858013.485372,1668813058035089862,179.3,10.2,83.7,0.7,19.9,33.9,30.8,n/a,n/a,n/a
1765858013.672205,1668813058077978457,276.2,20.3,149.4,1.1,32.7,34.8,37.9,n/a,n/a,n/a
1765858013.955853,1668813058105833631,185.8,10.8,88.9,0.8,17.9,32.4,35.0,n/a,n/a,n/a
1765858014.4377813,1668813058168784767,176.4,10.2,81.9,0.7,14.2,39.3,30.0,n/a,n/a,n/a
1765858014.621557,1668813058206614417,270.7,18.5,145.9,1.0,32.1,35.6,37.6,n/a,n/a,n/a
1765858014.900091,1668813058242056018,182.7,11.2,89.0,0.8,19.2,28.6,33.9,n/a,n/a,n/a
1765858015.0903273,1668813058272597540,184.5,11.3,88.9,0.8,17.0,32.9,33.6,n/a,n/a,n/a
1765858015.2823684,1668813058305197172,184.9,10.8,88.7,0.8,16.5,34.7,33.4,n/a,n/a,n/a
1765858004.653795,1668813056491742498,213.8,13.1,101.7,0.7,22.4,13.8,62.2,8953.0,130,68.9
1765858015.4749267,1668813058338306350,182.2,11.2,83.9,0.8,4.5,24.9,56.9,n/a,n/a,n/a
1765858015.9230201,1668813058407890053,166.0,10.7,80.1,0.9,3.3,31.0,40.0,n/a,n/a,n/a
1765858016.097412,1668813058438179466,228.5,11.9,108.5,1.1,15.8,51.5,39.7,n/a,n/a,n/a
1765858016.3338907,1668813058478049110,176.4,12.4,91.7,0.9,4.4,26.1,40.9,n/a,n/a,n/a
1765858016.5179856,1668813058512100858,332.6,19.9,151.1,1.1,57.0,68.2,35.3,n/a,n/a,n/a
1765858017.0809095,1668813058572626030,314.4,17.7,177.4,1.0,38.0,47.6,32.6,n/a,n/a,n/a
1765858017.4027092,1668813058605287829,186.8,11.0,90.6,0.8,17.0,32.8,34.5,n/a,n/a,n/a
1765858017.596937,1668813058636315765,194.6,11.1,92.4,0.8,23.5,33.5,33.4,n/a,n/a,n/a
1765858018.0280228,1668813058714475327,185.6,9.9,85.3,0.8,15.6,44.0,29.9,n/a,n/a,n/a
1765858018.2212408,1668813058735985845,193.3,11.4,90.6,0.9,18.6,38.8,33.0,n/a,n/a,n/a
1765858018.4220674,1668813058773314367,187.1,10.9,89.3,0.9,16.7,35.6,33.6,n/a,n/a,n/a
1765858018.6167574,1668813058809211592,185.9,11.5,89.9,0.8,22.0,28.7,32.9,n/a,n/a,n/a
1765858018.8106375,1668813058849158290,186.6,11.1,89.4,0.8,16.3,36.3,32.7,n/a,n/a,n/a
1765858019.2177682,1668813058908283164,179.7,10.4,82.5,0.7,17.5,40.1,28.5,n/a,n/a,n/a
1765858019.4050674,1668813058942666864,196.7,11.1,93.1,0.8,17.1,40.1,34.5,n/a,n/a,n/a
1765858019.609349,1668813058978353377,188.8,11.5,89.3,0.8,15.5,40.1,31.6,n/a,n/a,n/a
1765858020.022768,1668813059043549491,180.6,10.0,84.6,0.7,16.5,38.6,30.1,n/a,n/a,n/a
1765858020.2110174,1668813059082753119,183.5,11.0,87.1,0.9,16.4,36.6,31.5,n/a,n/a,n/a
1765858020.4021823,1668813059109912185,196.2,11.4,92.3,0.8,17.7,39.1,34.9,n/a,n/a,n/a
1765858020.606029,1668813059143407897,188.7,11.3,91.2,0.8,15.5,38.9,31.1,n/a,n/a,n/a
1765858020.8024502,1668813059172257817,185.2,11.5,86.6,0.8,16.2,39.2,30.9,n/a,n/a,n/a
1765858020.9955773,1668813059209850540,192.2,11.6,89.9,0.8,18.1,39.3,32.5,n/a,n/a,n/a
1765858021.4162908,1668813059275990396,177.4,10.0,80.4,0.7,16.1,41.8,28.5,n/a,n/a,n/a
1765858021.601265,1668813059313417177,189.1,11.5,89.1,0.7,15.4,37.9,34.3,n/a,n/a,n/a
1765858021.7981172,1668813059344662868,186.9,11.3,91.4,0.8,15.9,36.3,31.1,n/a,n/a,n/a
1765858021.9927413,1668813059377726499,186.4,11.3,89.6,0.7,15.3,37.7,31.8,n/a,n/a,n/a
1765858022.3997464,1668813059442625416,175.6,10.0,80.6,0.7,17.3,37.0,30.0,n/a,n/a,n/a
1765858022.5829782,1668813059476098899,190.2,11.2,92.9,0.7,16.4,35.3,33.7,n/a,n/a,n/a
1765858022.7808597,1668813059522980624,183.5,11.1,88.4,0.7,19.2,33.4,30.7,n/a,n/a,n/a
1765858022.9719908,1668813059544081300,181.3,11.5,90.0,0.7,15.6,33.6,29.9,n/a,n/a,n/a
1765858023.1608956,1668813059579433073,185.3,11.2,90.7,0.7,15.1,36.1,31.5,n/a,n/a,n/a
1765858023.5635467,1668813059646350167,163.8,10.1,79.2,0.6,14.8,32.0,27.1,n/a,n/a,n/a
1765858023.7349474,1668813059680411563,183.9,11.5,89.8,0.7,17.7,33.4,30.8,n/a,n/a,n/a
1765858023.9263904,1668813059713694646,180.9,11.5,90.0,0.7,16.2,33.1,29.4,n/a,n/a,n/a
1765858024.114925,1668813059745915385,182.0,11.1,90.1,0.7,15.9,34.1,30.0,n/a,n/a,n/a
1765858024.3045294,1668813059779689726,178.3,11.1,89.6,0.6,20.1,28.0,28.9,n/a,n/a,n/a
1765858024.4904473,1668813059814959384,179.6,11.5,88.4,0.7,16.6,31.4,31.1,n/a,n/a,n/a
1765858024.6776187,1668813059850432506,178.5,11.1,89.4,0.7,16.4,31.7,29.3,n/a,n/a,n/a
1765858024.8636816,1668813059883101077,177.9,11.0,89.6,0.6,16.1,31.0,29.5,n/a,n/a,n/a
1765858025.2482657,1668813059946698934,167.7,10.0,78.4,0.6,19.0,32.7,27.1,n/a,n/a,n/a
1765858025.4235065,1668813059983493355,180.9,11.0,86.8,0.7,18.5,31.2,32.6,n/a,n/a,n/a
1765858025.6119988,1668813060018610452,179.1,10.9,90.9,0.7,15.4,30.0,31.2,n/a,n/a,n/a
1765858025.7989435,1668813060054910621,181.7,11.0,89.9,0.7,20.6,30.8,28.7,n/a,n/a,n/a
1765858014.1489608,1668813058137427639,281.4,18.9,143.4,1.0,27.9,32.6,57.6,9428.3,139,67.8
1765858025.9883096,1668813060084230763,197.7,11.5,91.3,0.7,16.6,22.3,55.3,n/a,n/a,n/a
1765858026.1941235,1668813060121977136,153.2,11.9,82.1,1.1,4.5,24.2,29.5,n/a,n/a,n/a
1765858026.355104,1668813060157210714,155.2,12.5,85.0,0.9,4.0,20.4,32.5,n/a,n/a,n/a
1765858026.5184388,1668813060190648175,156.0,11.7,83.0,1.2,5.5,20.6,34.0,n/a,n/a,n/a
1765858026.8584204,1668813060245326922,135.1,11.1,72.6,0.6,3.2,19.6,28.0,n/a,n/a,n/a
1765858027.0013669,1668813060286666984,142.9,11.3,79.7,0.7,3.3,19.2,28.8,n/a,n/a,n/a
1765858027.1521873,1668813060322464535,156.0,11.6,81.2,0.6,12.7,22.2,27.6,n/a,n/a,n/a
1765858027.3156154,1668813060356050867,171.1,11.1,86.7,0.6,16.9,29.6,26.3,n/a,n/a,n/a
1765858027.4942133,1668813060384953432,170.2,11.2,86.9,0.6,17.3,28.1,26.1,n/a,n/a,n/a
1765858027.6718814,1668813060425637482,172.7,11.2,88.4,0.6,16.7,29.5,26.2,n/a,n/a,n/a
1765858027.8519385,1668813060453886690,169.0,11.5,85.3,0.6,16.5,28.3,26.8,n/a,n/a,n/a
1765858028.0284758,1668813060489451189,172.9,11.2,87.4,0.6,18.2,29.6,25.9,n/a,n/a,n/a
1765858028.2088332,1668813060518543174,244.1,19.6,143.3,0.7,23.6,26.7,30.2,n/a,n/a,n/a
1765858028.4603596,1668813060551561553,165.0,11.2,86.1,0.6,17.0,22.3,27.9,n/a,n/a,n/a
1765858028.6328876,1668813060582842470,168.4,11.2,85.6,0.6,18.5,26.5,26.0,n/a,n/a,n/a
1765858028.8087769,1668813060618723209,170.4,11.8,85.8,0.6,17.6,26.9,27.7,n/a,n/a,n/a
1765858028.9866793,1668813060651166466,169.7,11.2,85.7,0.6,16.3,28.3,27.5,n/a,n/a,n/a
1765858029.1641004,1668813060682254988,173.1,11.2,90.0,0.6,14.2,28.6,28.6,n/a,n/a,n/a
1765858029.3450034,1668813060713940166,166.1,11.6,84.6,0.6,16.5,24.8,28.0,n/a,n/a,n/a
1765858029.5185325,1668813060748279890,176.8,11.6,89.7,0.6,17.2,28.2,29.4,n/a,n/a,n/a
1765858029.8975081,1668813060813220796,163.0,10.5,79.8,0.6,17.2,28.2,26.7,n/a,n/a,n/a
1765858030.0682094,1668813060854739776,177.7,11.1,89.3,0.7,20.7,24.1,31.9,n/a,n/a,n/a
1765858030.2534332,1668813060889119354,177.7,11.1,89.1,0.6,18.8,28.7,29.3,n/a,n/a,n/a
1765858030.6417134,1668813060960811205,166.1,9.9,83.6,0.7,15.6,28.2,28.2,n/a,n/a,n/a
1765858031.0242643,1668813061027361066,170.1,9.7,83.0,0.7,17.5,30.0,29.2,n/a,n/a,n/a
1765858031.4196749,1668813061096015708,171.4,9.7,81.5,0.8,15.5,32.0,32.0,n/a,n/a,n/a
1765858031.5987172,1668813061122250174,189.5,10.7,94.2,0.8,17.6,30.0,36.2,n/a,n/a,n/a
1765858032.0069046,1668813061194106217,185.9,11.7,97.4,0.9,19.1,25.6,31.2,n/a,n/a,n/a
1765858032.200403,1668813061220565433,194.9,10.8,94.3,0.9,16.9,34.9,37.1,n/a,n/a,n/a
1765858032.4027612,1668813061251967687,185.5,11.3,88.1,0.9,18.6,32.8,33.8,n/a,n/a,n/a
1765858032.595853,1668813061296219739,186.5,11.3,90.8,0.9,19.9,26.8,36.8,n/a,n/a,n/a
1765858032.7899778,1668813061328114039,180.6,11.2,90.3,0.9,19.2,24.7,34.3,n/a,n/a,n/a
1765858032.9854374,1668813061363080409,186.6,10.9,88.0,0.8,20.0,32.3,34.6,n/a,n/a,n/a
1765858033.1797056,1668813061397120319,187.4,10.9,91.0,0.9,18.1,31.7,34.7,n/a,n/a,n/a
1765858033.3745646,1668813061427173173,183.4,10.8,90.4,0.9,14.4,31.9,35.1,n/a,n/a,n/a
1765858033.565596,1668813061453119399,187.0,11.3,91.4,0.9,16.9,33.3,33.4,n/a,n/a,n/a
1765858033.7602522,1668813061492949911,183.4,10.9,89.8,0.9,16.6,32.3,33.0,n/a,n/a,n/a
1765858033.9511523,1668813061519555828,186.6,11.4,88.2,0.8,17.6,33.2,35.3,n/a,n/a,n/a
1765858034.3624554,1668813061597252732,174.3,9.9,81.2,0.8,15.7,35.2,31.5,n/a,n/a,n/a
1765858034.5442684,1668813061620122613,188.9,11.3,92.7,0.9,14.4,33.5,36.0,n/a,n/a,n/a
1765858034.7408338,1668813061653636852,188.6,11.1,90.7,0.8,15.6,33.8,36.6,n/a,n/a,n/a
1765858034.9370024,1668813061696398170,185.2,11.5,88.7,0.9,18.0,32.3,33.9,n/a,n/a,n/a
1765858035.129832,1668813061730515228,186.8,11.0,89.0,0.8,14.9,34.8,36.4,n/a,n/a,n/a
1765858035.3241158,1668813061760841885,192.4,11.6,91.9,0.8,16.6,34.7,36.8,n/a,n/a,n/a
1765858035.5241666,1668813061792010464,183.9,11.4,87.2,0.8,15.5,32.4,36.6,n/a,n/a,n/a
1765858035.9415708,1668813061861086294,177.4,9.9,81.4,0.7,15.8,33.8,35.7,n/a,n/a,n/a
1765858036.126402,1668813061890749096,192.7,11.3,90.9,0.8,16.6,33.5,39.6,n/a,n/a,n/a
1765858036.3267276,1668813061930419755,192.2,10.9,92.6,0.8,17.0,32.7,38.1,n/a,n/a,n/a
1765858025.0491934,1668813059918120762,191.7,11.5,84.7,0.6,15.6,34.1,45.2,9362.0,148,63.3
1765858036.526384,1668813061958496593,197.7,11.4,90.7,0.8,4.8,22.9,67.1,n/a,n/a,n/a
1765858036.732219,1668813061994545627,180.8,13.5,90.8,1.0,3.8,14.7,57.1,n/a,n/a,n/a
1765858036.9218092,1668813062022814912,159.8,11.8,83.6,0.9,4.2,15.7,43.6,n/a,n/a,n/a
1765858037.089801,1668813062065421721,166.0,12.8,86.2,1.2,4.4,14.5,46.9,n/a,n/a,n/a
1765858037.263585,1668813062090147880,157.3,12.4,83.9,1.0,4.1,15.1,40.8,n/a,n/a,n/a
1765858037.4288917,1668813062124529836,151.7,11.2,82.3,0.9,3.5,14.0,39.8,n/a,n/a,n/a
1765858037.5883307,1668813062155743338,160.5,12.7,87.4,0.9,3.7,14.0,41.9,n/a,n/a,n/a
1765858037.7566488,1668813062191602008,181.2,11.7,93.5,0.9,15.1,22.1,38.0,n/a,n/a,n/a
1765858037.9454036,1668813062223930005,181.6,11.6,90.8,0.8,17.2,20.9,40.3,n/a,n/a,n/a
1765858038.1345775,1668813062261503063,181.2,11.7,87.8,0.9,16.0,23.8,41.0,n/a,n/a,n/a
1765858038.3232334,1668813062289097973,180.8,11.3,90.5,0.8,15.9,22.6,39.8,n/a,n/a,n/a
1765858038.511646,1668813062325392146,181.2,11.4,89.1,0.8,19.1,17.7,43.1,n/a,n/a,n/a
1765858038.7003217,1668813062369810295,181.7,11.4,89.9,0.8,18.3,22.4,38.9,n/a,n/a,n/a
1765858038.8895922,1668813062395921303,181.1,11.1,89.8,0.8,17.5,21.0,40.9,n/a,n/a,n/a
1765858039.0782037,1668813062433799169,188.0,11.4,92.3,0.8,17.8,22.5,43.2,n/a,n/a,n/a
1765858039.2736776,1668813062455802390,181.6,11.0,90.7,0.8,16.5,22.7,40.0,n/a,n/a,n/a
1765858039.4627643,1668813062492002796,180.9,11.5,91.8,0.8,18.5,18.1,40.1,n/a,n/a,n/a
1765858039.6513174,1668813062525029835,180.6,11.4,89.4,0.8,17.4,22.4,39.2,n/a,n/a,n/a
1765858039.8393254,1668813062557264448,180.0,10.9,91.5,0.8,15.8,21.3,39.6,n/a,n/a,n/a
1765858040.0268352,1668813062592734716,181.2,11.0,91.8,0.8,19.9,18.0,39.8,n/a,n/a,n/a
1765858040.2156553,1668813062627429887,180.8,10.9,92.0,0.8,18.0,20.6,38.5,n/a,n/a,n/a
1765858040.4039552,1668813062662858830,173.8,11.4,86.2,0.8,16.4,22.0,36.9,n/a,n/a,n/a
1765858040.794168,1668813062725452247,168.9,10.1,87.8,0.8,9.1,26.0,35.2,n/a,n/a,n/a
1765858040.9705708,1668813062765677871,185.6,11.2,91.6,0.9,16.8,26.7,38.4,n/a,n/a,n/a
1765858041.1637754,1668813062799280937,190.3,11.4,95.5,0.9,17.1,26.0,39.4,n/a,n/a,n/a
1765858041.5779293,1668813062862344814,176.5,9.7,84.3,0.8,16.8,30.9,34.0,n/a,n/a,n/a
1765858041.7622952,1668813062892521309,191.7,10.9,94.1,0.9,20.0,27.3,38.5,n/a,n/a,n/a
1765858041.9615104,1668813062926144909,188.9,10.7,96.3,0.9,16.9,27.8,36.3,n/a,n/a,n/a
1765858042.1586325,1668813062961357828,206.2,12.6,109.9,0.9,21.9,21.4,39.5,n/a,n/a,n/a
1765858042.5850933,1668813063035006173,175.6,9.6,84.0,0.8,15.8,33.2,32.2,n/a,n/a,n/a
1765858042.768147,1668813063067729452,190.1,11.0,95.3,0.8,16.9,29.5,36.6,n/a,n/a,n/a
1765858043.2197838,1668813063129999036,209.6,12.6,108.1,0.9,22.6,34.4,30.9,n/a,n/a,n/a
1765858043.4367988,1668813063161586685,185.0,10.6,91.3,0.9,16.4,31.0,34.8,n/a,n/a,n/a
1765858043.841671,1668813063227060028,172.9,9.9,84.0,0.8,15.1,33.6,29.6,n/a,n/a,n/a
1765858044.0222478,1668813063263047181,189.4,10.8,94.6,0.8,15.5,33.9,33.8,n/a,n/a,n/a
1765858044.219158,1668813063292397863,184.8,10.7,91.4,0.9,18.9,28.6,34.3,n/a,n/a,n/a
1765858044.4116316,1668813063328703000,183.9,10.6,92.6,0.9,16.6,31.5,31.7,n/a,n/a,n/a
1765858044.6029925,1668813063359506566,186.4,10.7,92.7,0.9,16.9,32.3,33.0,n/a,n/a,n/a
1765858044.7968125,1668813063399154563,182.6,10.5,92.3,0.8,16.5,30.7,31.8,n/a,n/a,n/a
1765858044.986937,1668813063434416842,182.1,10.8,91.3,0.8,16.5,30.9,31.8,n/a,n/a,n/a
1765858045.1766133,1668813063468012202,188.3,10.8,92.6,0.8,14.8,36.8,32.4,n/a,n/a,n/a
1765858045.5868368,1668813063524076114,182.8,9.8,85.3,0.9,18.6,37.1,31.1,n/a,n/a,n/a
1765858045.7770426,1668813063563602723,193.6,10.8,93.2,0.9,20.4,36.5,31.9,n/a,n/a,n/a
1765858045.9781115,1668813063597269912,189.0,10.5,90.6,0.9,17.5,35.0,34.6,n/a,n/a,n/a
1765858046.17448,1668813063631251995,188.1,10.8,93.4,0.9,14.4,36.9,31.6,n/a,n/a,n/a
1765858046.3699963,1668813063657262586,182.2,10.4,88.5,0.9,20.5,32.2,29.7,n/a,n/a,n/a
1765858046.5596247,1668813063689600912,183.2,10.5,92.7,0.9,22.4,26.4,30.2,n/a,n/a,n/a
1765858035.715601,1668813061827135358,217.8,11.5,91.2,0.8,19.5,34.2,60.6,9045.7,156,58.0
1765858046.7501733,1668813063723896756,194.1,11.9,87.0,1.1,5.4,24.9,63.8,n/a,n/a,n/a
1765858046.9527657,1668813063758432747,173.1,11.9,88.4,1.0,5.6,18.3,47.9,n/a,n/a,n/a
1765858047.3185527,1668813063831399445,148.4,11.3,79.3,1.3,4.8,22.3,29.5,n/a,n/a,n/a
1765858047.475104,1668813063866630955,156.5,11.3,85.4,1.1,4.2,21.6,33.0,n/a,n/a,n/a
1765858047.639607,1668813063895065915,152.3,11.3,84.1,0.9,3.5,21.4,31.0,n/a,n/a,n/a
1765858047.7997937,1668813063928173217,180.8,11.3,88.1,0.8,17.5,33.0,30.0,n/a,n/a,n/a
1765858048.1934807,1668813063994080181,172.8,9.9,83.5,0.7,17.1,35.8,25.9,n/a,n/a,n/a
1765858048.3736606,1668813064034251344,183.9,11.0,90.5,0.8,16.4,33.5,31.7,n/a,n/a,n/a
1765858048.5650663,1668813064069773206,186.3,11.0,94.5,0.8,17.2,33.7,29.2,n/a,n/a,n/a
1765858048.7587368,1668813064092617599,182.8,11.2,93.4,0.8,15.2,32.8,29.5,n/a,n/a,n/a
1765858048.9489362,1668813064134419642,190.2,11.0,92.1,0.8,22.6,34.5,29.0,n/a,n/a,n/a
1765858049.1467526,1668813064168477688,183.5,11.1,91.8,0.8,18.0,32.5,29.3,n/a,n/a,n/a
1765858049.3377028,1668813064191966008,178.1,11.0,88.1,0.8,15.0,35.5,27.7,n/a,n/a,n/a
1765858049.5232124,1668813064225374257,181.1,11.1,88.8,0.7,19.8,32.7,28.0,n/a,n/a,n/a
1765858049.9141197,1668813064293633203,173.1,10.1,82.9,0.7,17.6,36.3,25.4,n/a,n/a,n/a
1765858050.094964,1668813064333817429,196.8,12.3,96.6,0.8,19.1,33.9,34.2,n/a,n/a,n/a
1765858050.2997947,1668813064365383838,184.7,11.5,93.7,0.8,15.7,34.8,28.1,n/a,n/a,n/a
1765858050.4921963,1668813064396856033,186.0,11.6,93.5,0.8,15.6,35.1,29.4,n/a,n/a,n/a
1765858050.6856153,1668813064430465423,184.1,11.5,91.2,0.8,18.2,34.0,28.5,n/a,n/a,n/a
1765858050.877171,1668813064462657396,181.5,11.3,91.4,0.8,16.5,33.7,27.8,n/a,n/a,n/a
1765858051.0660994,1668813064492602781,182.6,11.1,91.7,0.8,17.5,34.2,27.4,n/a,n/a,n/a
1765858051.2560735,1668813064536999709,175.7,11.3,85.9,0.8,16.9,33.3,27.6,n/a,n/a,n/a
1765858051.4390705,1668813064573148277,180.0,11.2,91.5,0.8,15.8,32.8,27.9,n/a,n/a,n/a
1765858051.6264668,1668813064603126535,180.7,11.2,92.6,0.8,16.3,32.5,27.2,n/a,n/a,n/a
1765858051.8146853,1668813064636782981,180.6,11.2,92.0,0.7,16.3,33.1,27.3,n/a,n/a,n/a
1765858052.002869,1668813064671320083,181.3,11.1,91.0,0.7,16.2,33.4,28.8,n/a,n/a,n/a
1765858052.3912122,1668813064734050590,166.6,10.1,78.6,0.7,16.5,35.4,25.3,n/a,n/a,n/a
1765858052.5652933,1668813064768537905,183.9,11.1,90.7,0.8,16.4,35.4,29.5,n/a,n/a,n/a
1765858052.7566986,1668813064798854731,183.8,11.2,93.2,0.8,16.3,34.0,28.4,n/a,n/a,n/a
1765858052.948055,1668813064838574006,187.6,11.2,88.5,0.8,22.8,37.2,27.1,n/a,n/a,n/a
1765858053.143097,1668813064870541897,174.9,11.2,85.4,0.7,17.5,32.8,27.4,n/a,n/a,n/a
1765858053.3254488,1668813064903161584,183.1,11.2,90.9,0.7,18.8,32.1,29.3,n/a,n/a,n/a
1765858053.515946,1668813064939208191,182.1,11.3,91.7,0.7,15.4,35.8,27.2,n/a,n/a,n/a
1765858053.9105494,1668813065002724933,171.6,10.1,81.2,0.7,16.4,38.6,24.6,n/a,n/a,n/a
1765858054.0894904,1668813065043158673,184.9,11.2,93.0,0.8,15.4,34.0,30.5,n/a,n/a,n/a
1765858054.281886,1668813065068920419,181.9,11.3,92.5,0.8,16.5,33.4,27.3,n/a,n/a,n/a
1765858054.4712718,1668813065103405745,186.9,11.2,96.3,0.8,16.9,34.4,27.3,n/a,n/a,n/a
1765858054.6657164,1668813065133765267,183.8,11.2,92.6,0.8,19.4,31.7,28.1,n/a,n/a,n/a
1765858054.8567932,1668813065172609482,183.9,11.2,91.6,0.8,17.2,35.9,27.1,n/a,n/a,n/a
1765858055.0482829,1668813065207272990,183.6,11.2,93.6,0.8,20.0,29.6,28.2,n/a,n/a,n/a
1765858055.2393384,1668813065239116049,181.9,11.1,92.0,0.8,21.5,28.9,27.5,n/a,n/a,n/a
1765858055.4288864,1668813065265606597,181.3,11.2,90.7,0.8,15.5,35.1,28.1,n/a,n/a,n/a
1765858055.617733,1668813065309261629,175.7,11.1,88.2,0.8,17.4,31.0,27.3,n/a,n/a,n/a
1765858055.8010156,1668813065341766511,182.4,11.3,92.7,0.8,16.8,32.7,28.0,n/a,n/a,n/a
1765858055.9908574,1668813065371787467,183.9,11.5,90.2,0.8,17.9,36.2,27.3,n/a,n/a,n/a
1765858056.182282,1668813065411321228,184.3,11.3,91.7,0.8,17.0,34.7,28.9,n/a,n/a,n/a
1765858056.3739693,1668813065447307876,183.4,11.2,90.5,0.7,15.5,38.4,27.1,n/a,n/a,n/a
1765858056.5648062,1668813065479185467,179.7,11.1,89.3,0.7,15.0,35.6,28.0,n/a,n/a,n/a
1765858056.752182,1668813065518171936,173.8,11.2,89.6,0.7,15.3,30.2,26.9,n/a,n/a,n/a
1765858056.9336126,1668813065541219491,175.2,11.2,87.4,0.7,15.3,33.6,26.9,n/a,n/a,n/a
1765858057.116501,1668813065569597849,176.2,11.4,88.0,0.7,15.4,34.8,25.7,n/a,n/a,n/a
1765858057.3002,1668813065603246808,175.0,11.3,86.8,0.7,16.4,33.8,26.0,n/a,n/a,n/a
1765858045.3722668,1668813063494981064,206.3,10.6,91.4,0.9,19.2,34.3,50.0,9712.3,162,60.0
1765858057.4828475,1668813065640325164,195.7,11.3,84.7,0.7,6.1,27.4,65.5,n/a,n/a,n/a
1765858057.6867816,1668813065683455802,155.9,12.0,83.7,1.1,4.4,18.2,36.6,n/a,n/a,n/a
1765858057.850848,1668813065711995685,145.8,11.9,84.0,0.9,3.7,17.7,27.6,n/a,n/a,n/a
1765858058.0046673,1668813065747181526,142.2,11.8,81.5,0.7,3.4,16.9,27.9,n/a,n/a,n/a
1765858058.1543794,1668813065775766317,139.4,11.4,82.0,0.7,3.2,17.3,24.8,n/a,n/a,n/a
1765858058.4591181,1668813065846099226,159.3,10.1,79.3,0.6,16.9,28.7,23.6,n/a,n/a,n/a
1765858058.6260307,1668813065881017923,173.0,11.4,87.1,0.6,16.4,27.4,30.2,n/a,n/a,n/a
1765858058.8070521,1668813065909576487,179.2,11.6,93.7,0.7,16.2,29.5,27.4,n/a,n/a,n/a
1765858058.9939797,1668813065947098311,167.7,11.2,86.7,0.6,16.9,27.2,25.2,n/a,n/a,n/a
1765858059.1693263,1668813065982303709,166.7,11.4,86.2,0.7,16.2,27.5,24.9,n/a,n/a,n/a
1765858059.3435106,1668813066009219365,167.1,11.7,85.2,0.6,19.6,25.7,24.3,n/a,n/a,n/a
1765858059.518551,1668813066042786930,172.9,11.6,90.8,0.6,17.0,29.1,23.7,n/a,n/a,n/a
1765858059.6988127,1668813066077656385,164.0,11.3,86.9,0.6,22.2,20.1,22.9,n/a,n/a,n/a
1765858059.870332,1668813066117036223,171.3,11.3,87.3,0.6,17.9,29.8,24.4,n/a,n/a,n/a
1765858060.2405283,1668813066174319224,160.8,10.0,81.5,0.5,16.0,30.4,22.2,n/a,n/a,n/a
1765858060.4087362,1668813066208666989,168.0,11.0,87.3,0.7,16.4,28.1,24.5,n/a,n/a,n/a
1765858060.5843036,1668813066240632174,170.7,11.5,85.8,0.7,19.5,29.2,24.1,n/a,n/a,n/a
1765858060.762708,1668813066285160821,173.9,12.0,89.8,0.6,18.1,28.5,24.9,n/a,n/a,n/a
1765858060.9440372,1668813066311630785,169.4,11.0,87.9,0.7,14.7,30.4,24.7,n/a,n/a,n/a
1765858061.1209745,1668813066350829333,166.5,11.5,86.1,0.7,17.7,26.1,24.4,n/a,n/a,n/a
1765858061.2949471,1668813066385358201,167.1,11.6,87.1,0.7,16.3,27.2,24.2,n/a,n/a,n/a
1765858061.469543,1668813066414251984,168.7,11.7,85.8,0.6,17.5,29.1,24.0,n/a,n/a,n/a
1765858061.6458828,1668813066449466254,167.2,11.2,87.5,0.7,17.2,26.1,24.7,n/a,n/a,n/a
1765858061.8206425,1668813066486884440,169.3,11.1,88.0,0.7,14.7,30.4,24.4,n/a,n/a,n/a
1765858061.997619,1668813066509281368,169.3,11.1,86.5,0.7,19.3,26.0,25.7,n/a,n/a,n/a
1765858062.1744654,1668813066557099471,173.3,11.2,86.7,0.7,20.7,28.8,25.3,n/a,n/a,n/a
1765858062.3554773,1668813066587198582,169.0,11.1,86.0,0.7,17.3,28.6,25.3,n/a,n/a,n/a
1765858062.5320454,1668813066625772964,167.0,11.1,87.6,0.7,16.6,25.6,25.4,n/a,n/a,n/a
1765858062.7065825,1668813066654214700,171.7,11.1,86.2,0.7,17.6,30.9,25.3,n/a,n/a,n/a
1765858062.8857908,1668813066692363962,170.5,11.1,88.0,0.7,15.7,29.4,25.6,n/a,n/a,n/a
1765858063.0638006,1668813066722873570,172.8,11.2,89.2,0.7,14.7,30.5,26.5,n/a,n/a,n/a
1765858063.2443836,1668813066758228872,169.8,11.1,87.8,0.7,17.6,28.3,24.4,n/a,n/a,n/a
1765858063.4216018,1668813066790868496,171.3,11.1,87.5,0.6,17.3,30.7,24.1,n/a,n/a,n/a
1765858063.6005204,1668813066825964087,165.6,11.4,85.9,0.6,17.5,26.9,23.2,n/a,n/a,n/a
1765858063.7736084,1668813066858312605,171.4,11.6,88.1,0.6,17.2,30.9,22.9,n/a,n/a,n/a
1765858063.9524462,1668813066895757977,167.5,11.1,87.4,0.6,17.0,27.4,24.1,n/a,n/a,n/a
1765858064.127541,1668813066927498770,166.6,11.1,87.4,0.6,15.4,28.7,23.4,n/a,n/a,n/a
1765858064.3015745,1668813066958682612,168.2,11.2,87.3,0.7,16.2,29.2,23.6,n/a,n/a,n/a
1765858064.4776568,1668813066988484675,168.3,11.1,87.2,0.6,15.3,29.4,24.8,n/a,n/a,n/a
1765858064.6535804,1668813067026831485,170.1,11.0,86.3,0.7,16.7,30.6,24.9,n/a,n/a,n/a
1765858064.8313155,1668813067053064228,169.4,11.1,86.2,0.7,17.9,28.2,25.2,n/a,n/a,n/a
1765858065.2045577,1668813067122111756,161.5,10.3,81.1,0.7,15.5,31.3,22.6,n/a,n/a,n/a
1765858065.3735595,1668813067164901045,186.5,11.6,93.9,0.8,18.2,33.1,28.9,n/a,n/a,n/a
1765858065.5673196,1668813067194710384,175.9,11.1,89.8,0.8,17.4,33.0,23.9,n/a,n/a,n/a
1765858065.750768,1668813067230113932,179.1,11.1,91.1,0.8,17.9,31.7,26.5,n/a,n/a,n/a
1765858066.142329,1668813067295298331,165.7,10.3,80.7,0.7,15.2,34.7,24.0,n/a,n/a,n/a
1765858066.3154025,1668813067329432811,186.4,11.1,95.2,0.9,15.7,36.0,27.6,n/a,n/a,n/a
1765858066.706688,1668813067390408046,173.9,9.5,85.1,0.8,17.4,35.1,25.9,n/a,n/a,n/a
1765858067.0943427,1668813067461787259,184.1,11.5,97.6,0.9,16.7,30.4,26.9,n/a,n/a,n/a
1765858067.5240207,1668813067525404631,160.6,9.7,83.4,0.8,15.4,21.8,29.4,n/a,n/a,n/a
1765858067.6921244,1668813067560918774,195.3,12.1,102.8,0.9,17.7,26.5,35.2,n/a,n/a,n/a
1765858053.705403,1668813064967599380,197.7,11.3,90.3,0.7,18.3,34.9,42.1,9701.2,167,58.1
1765858068.1073217,1668813067627587735,187.7,10.9,86.6,1.0,4.8,20.0,64.4,n/a,n/a,n/a
1765858068.3033822,1668813067663384768,173.5,11.1,90.5,1.1,5.1,18.4,47.2,n/a,n/a,n/a
1765858068.4851,1668813067690263657,167.8,12.4,95.0,1.2,5.4,17.4,36.4,n/a,n/a,n/a
1765858068.660864,1668813067726186146,166.1,12.4,93.1,1.3,4.4,17.3,37.6,n/a,n/a,n/a
1765858068.834887,1668813067759280816,150.0,10.9,85.0,1.0,4.0,16.5,32.6,n/a,n/a,n/a
1765858068.9923744,1668813067795750096,148.0,10.8,84.0,1.1,4.0,17.4,30.7,n/a,n/a,n/a
1765858069.1482894,1668813067824429049,179.9,11.9,96.1,1.0,17.1,19.9,33.8,n/a,n/a,n/a
1765858069.534454,1668813067899028898,179.6,10.6,94.1,0.9,19.5,24.8,29.5,n/a,n/a,n/a
1765858069.72149,1668813067922731662,178.9,10.5,93.4,1.0,18.7,22.0,33.3,n/a,n/a,n/a
1765858069.9077692,1668813067967902695,172.5,10.6,87.6,1.0,20.9,21.8,30.7,n/a,n/a,n/a
1765858070.0877771,1668813067996987927,176.9,10.6,92.1,1.0,19.6,22.4,31.3,n/a,n/a,n/a
1765858070.2722168,1668813068028410199,191.6,12.0,98.3,1.0,21.5,25.0,33.8,n/a,n/a,n/a
1765858070.4713914,1668813068060286915,169.5,11.0,91.2,0.9,16.7,17.5,32.1,n/a,n/a,n/a
1765858070.848661,1668813068133803209,168.9,9.6,87.7,0.8,15.2,25.9,29.6,n/a,n/a,n/a
1765858071.0252934,1668813068166192877,187.4,11.0,96.3,1.0,21.4,23.0,34.7,n/a,n/a,n/a
1765858071.220518,1668813068203617458,181.9,10.8,96.7,1.0,15.8,25.0,32.6,n/a,n/a,n/a
1765858071.4100447,1668813068232532697,177.5,10.9,92.3,0.9,16.1,23.8,33.5,n/a,n/a,n/a
1765858071.5951421,1668813068271487848,188.0,12.1,96.1,1.0,18.1,26.2,34.5,n/a,n/a,n/a
1765858072.016731,1668813068330445356,184.4,10.8,92.1,1.0,17.9,31.3,31.3,n/a,n/a,n/a
1765858072.2086053,1668813068358463880,183.4,11.0,91.9,1.0,16.3,28.9,34.3,n/a,n/a,n/a
1765858072.3995116,1668813068397298493,197.5,12.6,100.4,1.1,19.0,28.2,36.2,n/a,n/a,n/a
1765858072.8172138,1668813068461857479,174.9,10.6,82.8,0.9,14.8,33.5,32.3,n/a,n/a,n/a
1765858072.9995673,1668813068502320636,192.2,10.8,94.1,1.0,17.7,32.0,36.7,n/a,n/a,n/a
1765858073.1991584,1668813068536201430,187.6,10.9,92.3,1.0,20.1,28.0,35.2,n/a,n/a,n/a
1765858073.3944862,1668813068566528577,189.8,11.4,96.0,1.0,19.7,27.3,34.4,n/a,n/a,n/a
1765858073.8030598,1668813068634935859,175.6,9.8,82.5,0.9,15.9,34.1,32.4,n/a,n/a,n/a
1765858073.9860997,1668813068663413582,192.9,10.8,94.4,0.9,16.8,32.9,37.0,n/a,n/a,n/a
1765858074.1862597,1668813068695105220,215.6,12.8,107.1,1.1,23.9,30.8,40.0,n/a,n/a,n/a
1765858074.4093316,1668813068728653789,193.2,10.8,94.8,1.0,17.7,31.8,37.0,n/a,n/a,n/a
1765858074.8212636,1668813068796829250,181.5,10.1,85.6,0.8,18.6,33.5,32.8,n/a,n/a,n/a
1765858075.0103154,1668813068828447568,244.1,15.9,127.8,1.2,27.3,32.5,39.4,n/a,n/a,n/a
1765858075.261963,1668813068866916271,202.6,12.2,100.5,1.0,14.0,36.0,38.8,n/a,n/a,n/a
1765858075.4723525,1668813068899988486,194.7,11.3,94.9,1.0,14.9,35.6,37.0,n/a,n/a,n/a
1765858075.898798,1668813068961981870,179.7,10.2,84.3,0.9,16.0,35.0,33.3,n/a,n/a,n/a
1765858076.085899,1668813068998944947,195.3,11.0,93.6,1.0,15.5,35.5,38.7,n/a,n/a,n/a
1765858076.2887053,1668813069033536206,232.9,14.1,115.9,1.2,25.4,36.8,39.6,n/a,n/a,n/a
1765858076.7575336,1668813069099073616,178.3,10.2,84.3,1.0,16.3,31.9,34.6,n/a,n/a,n/a
1765858076.9431698,1668813069135214019,201.6,11.3,92.3,1.0,22.3,32.1,42.6,n/a,n/a,n/a
1765858077.1522136,1668813069167138060,203.9,11.3,95.5,1.0,16.3,42.6,37.2,n/a,n/a,n/a
1765858077.363683,1668813069206197579,196.5,11.5,93.6,1.0,15.7,37.1,37.7,n/a,n/a,n/a
1765858077.8278828,1668813069273262165,190.3,10.0,83.4,0.9,17.6,43.9,34.6,n/a,n/a,n/a
1765858078.0256245,1668813069306721837,202.3,10.9,92.3,1.0,17.6,39.4,41.0,n/a,n/a,n/a
1765858067.895088,1668813067590445032,204.8,12.0,99.4,1.1,22.5,17.8,52.1,9200.6,175,52.6
1765858078.23536,1668813069336234520,243.0,11.5,92.6,0.9,16.4,43.9,77.6,n/a,n/a,n/a
1765858078.4861403,1668813069375451210,175.7,12.6,85.4,1.5,5.0,26.9,44.4,n/a,n/a,n/a
1765858078.9131773,1668813069439237273,162.7,11.1,78.9,1.1,5.8,27.4,38.4,n/a,n/a,n/a
1765858079.0834312,1668813069473297945,168.3,12.0,84.9,1.1,4.2,26.4,39.8,n/a,n/a,n/a
1765858079.2593427,1668813069508800216,216.8,18.1,124.6,1.3,5.2,24.6,43.0,n/a,n/a,n/a
1765858079.7132156,1668813069578970386,184.4,10.9,81.7,0.8,17.4,39.5,34.1,n/a,n/a,n/a
1765858079.9050317,1668813069604747439,192.1,11.3,90.6,0.9,16.0,34.7,38.7,n/a,n/a,n/a
1765858080.1044152,1668813069638186257,199.4,11.6,87.4,0.8,23.6,38.4,37.5,n/a,n/a,n/a
1765858080.311467,1668813069674510411,224.6,15.1,111.3,1.0,22.9,32.7,41.7,n/a,n/a,n/a
1765858080.7706172,1668813069749087896,179.5,10.3,78.9,0.8,17.5,35.9,36.2,n/a,n/a,n/a
1765858080.9571013,1668813069773982750,198.0,11.5,93.7,0.9,17.0,33.5,41.4,n/a,n/a,n/a
1765858081.1623068,1668813069810357679,192.4,11.6,88.8,0.9,17.8,34.9,38.5,n/a,n/a,n/a
1765858081.6190267,1668813069874950008,188.2,10.3,84.1,0.8,17.9,36.6,38.5,n/a,n/a,n/a
1765858081.8145645,1668813069910218124,198.1,11.4,90.1,0.9,16.8,36.1,42.8,n/a,n/a,n/a
1765858082.0198781,1668813069940192300,189.2,11.4,87.3,0.9,20.0,30.1,39.5,n/a,n/a,n/a
1765858082.4846022,1668813070015230052,191.9,10.4,84.5,0.8,19.5,36.9,39.9,n/a,n/a,n/a
1765858082.6838946,1668813070042892544,201.3,12.7,89.8,0.9,15.7,37.1,45.2,n/a,n/a,n/a
1765858082.8923373,1668813070074030500,224.2,14.5,111.2,1.0,22.7,33.1,41.7,n/a,n/a,n/a
1765858083.357844,1668813070142427861,183.4,10.8,86.3,0.8,15.2,26.0,44.3,n/a,n/a,n/a
1765858083.5482447,1668813070174291989,207.4,11.5,95.9,0.9,20.1,36.0,43.0,n/a,n/a,n/a
1765858083.7627444,1668813070210678783,188.0,11.6,86.9,0.9,18.3,31.0,39.4,n/a,n/a,n/a
1765858083.9580133,1668813070241759123,193.1,11.6,89.8,0.9,21.5,27.8,41.5,n/a,n/a,n/a
1765858084.424206,1668813070310311201,182.6,10.4,82.4,0.8,17.6,33.5,37.9,n/a,n/a,n/a
1765858084.6140296,1668813070341765204,196.9,11.5,91.4,0.9,18.6,29.1,45.4,n/a,n/a,n/a
1765858084.8182657,1668813070376550613,197.5,11.9,92.6,0.9,16.1,32.1,44.0,n/a,n/a,n/a
1765858085.022974,1668813070413461056,190.3,11.8,89.5,0.9,15.2,30.2,42.7,n/a,n/a,n/a
1765858085.2217495,1668813070445203528,196.4,11.8,91.7,0.8,18.8,31.3,42.0,n/a,n/a,n/a
1765858085.4253204,1668813070479803447,192.0,11.6,91.7,0.8,18.3,25.8,43.7,n/a,n/a,n/a
1765858085.8522298,1668813070549694856,176.7,10.6,84.3,0.8,15.2,26.7,39.1,n/a,n/a,n/a
1765858086.0360627,1668813070574800195,196.0,11.6,89.0,0.9,17.4,31.1,46.1,n/a,n/a,n/a
1765858086.239526,1668813070621138068,197.9,11.4,94.3,1.0,16.7,31.3,43.2,n/a,n/a,n/a
1765858086.4454968,1668813070648024133,198.9,12.3,91.9,0.9,14.9,32.1,46.8,n/a,n/a,n/a
1765858086.651784,1668813070677323205,195.6,11.9,92.6,0.9,16.6,30.7,42.8,n/a,n/a,n/a
1765858086.8545363,1668813070709943336,200.5,12.4,91.7,0.9,22.7,26.4,46.5,n/a,n/a,n/a
1765858087.0624058,1668813070759663876,203.2,11.6,91.4,0.9,18.5,35.5,45.3,n/a,n/a,n/a
1765858087.2730217,1668813070777706629,230.5,15.7,116.0,1.0,21.8,29.5,46.4,n/a,n/a,n/a
1765858087.5106795,1668813070819925370,194.1,11.7,89.9,0.8,15.8,30.4,45.5,n/a,n/a,n/a
1765858087.7116868,1668813070850544008,192.5,11.6,90.5,0.7,15.8,29.4,44.5,n/a,n/a,n/a
1765858087.9114294,1668813070886490247,195.2,11.5,90.7,0.8,16.4,31.3,44.7,n/a,n/a,n/a
1765858088.1139488,1668813070923840734,192.5,11.5,85.8,0.8,19.0,30.3,45.1,n/a,n/a,n/a
1765858077.5677707,1668813069242166928,252.8,14.1,116.7,1.2,18.7,38.7,63.3,8821.5,184,47.9
1765858088.5713527,1668813070991299433,178.5,11.8,79.7,0.8,3.3,17.6,65.3,n/a,n/a,n/a
1765858088.7580535,1668813071024183019,172.8,12.2,84.1,0.9,3.6,21.0,50.9,n/a,n/a,n/a
1765858088.9389126,1668813071056916746,171.6,12.7,85.0,0.9,4.7,17.8,50.5,n/a,n/a,n/a
1765858089.3281403,1668813071116728056,153.8,10.3,74.1,0.7,3.3,21.3,44.1,n/a,n/a,n/a
1765858089.4893472,1668813071157765367,164.9,11.3,79.3,0.8,5.0,20.1,48.4,n/a,n/a,n/a
1765858089.6616066,1668813071188639536,184.6,11.2,82.1,0.7,15.3,30.9,44.3,n/a,n/a,n/a
1765858090.096291,1668813071258755812,191.3,9.9,83.1,0.7,19.0,33.5,45.2,n/a,n/a,n/a
1765858090.2950778,1668813071287061566,205.9,11.1,91.0,0.9,20.2,31.2,51.6,n/a,n/a,n/a
1765858090.5082004,1668813071323143450,192.7,11.0,85.7,0.8,20.4,27.6,47.2,n/a,n/a,n/a
1765858090.7080708,1668813071353315790,200.6,11.0,89.7,0.8,22.3,30.4,46.3,n/a,n/a,n/a
1765858090.9161847,1668813071390155881,196.4,11.2,87.7,0.8,17.3,33.6,45.7,n/a,n/a,n/a
1765858091.1198108,1668813071419929038,195.4,11.9,85.4,0.8,18.5,31.3,47.5,n/a,n/a,n/a
1765858091.3224473,1668813071460575790,196.5,11.2,86.4,0.8,20.1,31.1,46.8,n/a,n/a,n/a
1765858091.759904,1668813071518308650,188.8,10.7,84.7,0.7,14.2,33.6,44.8,n/a,n/a,n/a
1765858091.9562676,1668813071555696383,198.3,10.8,88.5,0.8,16.8,32.4,49.1,n/a,n/a,n/a
1765858092.1618552,1668813071588558261,204.3,10.6,91.9,0.8,19.2,33.7,48.2,n/a,n/a,n/a
1765858092.373492,1668813071628263950,203.5,11.1,93.5,0.8,16.6,32.8,48.7,n/a,n/a,n/a
1765858092.5848823,1668813071659391760,203.4,11.5,91.6,0.7,19.7,31.4,48.5,n/a,n/a,n/a
1765858092.7958066,1668813071687033470,198.5,11.1,92.7,0.7,16.0,29.6,48.5,n/a,n/a,n/a
1765858093.2408345,1668813071755788022,194.0,10.0,83.7,0.7,19.3,34.3,46.0,n/a,n/a,n/a
1765858093.4420736,1668813071796519523,202.0,10.6,91.2,0.8,16.8,32.2,50.4,n/a,n/a,n/a
1765858093.6512141,1668813071823166364,193.3,10.6,87.9,0.7,15.3,31.7,47.1,n/a,n/a,n/a
1765858093.8515253,1668813071857887050,196.2,11.1,87.7,0.7,16.0,31.2,49.6,n/a,n/a,n/a
1765858094.2933545,1668813071924233494,188.9,10.3,85.3,0.7,8.1,37.1,47.4,n/a,n/a,n/a
1765858094.4900336,1668813071957056136,212.5,11.1,90.2,0.7,17.9,34.2,58.3,n/a,n/a,n/a
1765858094.70974,1668813071993852981,200.6,11.3,89.6,0.7,17.5,31.8,49.6,n/a,n/a,n/a
1765858094.917537,1668813072022290202,200.0,11.5,87.0,0.7,19.2,31.2,50.4,n/a,n/a,n/a
1765858095.1244762,1668813072056406044,238.3,15.5,115.6,0.8,21.0,33.7,51.6,n/a,n/a,n/a
1765858095.369829,1668813072099896477,197.9,11.3,85.5,0.7,20.9,28.2,51.3,n/a,n/a,n/a
1765858095.5748153,1668813072123552546,198.1,11.3,88.3,0.7,15.6,31.4,50.8,n/a,n/a,n/a
1765858095.7799456,1668813072159770024,198.9,11.3,89.6,0.7,19.9,28.3,49.0,n/a,n/a,n/a
1765858095.9859407,1668813072195255676,201.2,11.2,86.6,1.3,19.1,32.8,50.1,n/a,n/a,n/a
1765858096.1942587,1668813072233280071,200.7,11.2,88.7,0.7,17.7,33.4,49.0,n/a,n/a,n/a
1765858096.4019344,1668813072268544544,199.2,11.1,88.8,0.7,21.6,27.5,49.4,n/a,n/a,n/a
1765858096.8461483,1668813072323582791,189.1,9.9,79.3,0.6,18.0,33.6,47.7,n/a,n/a,n/a
1765858097.0422287,1668813072366107881,205.8,10.9,90.2,0.8,17.0,34.3,52.6,n/a,n/a,n/a
1765858097.2550375,1668813072398986399,205.7,11.5,91.0,0.7,15.8,33.5,53.0,n/a,n/a,n/a
1765858097.4676633,1668813072426215291,274.6,19.5,146.9,0.8,28.2,27.4,51.8,n/a,n/a,n/a
1765858097.7495408,1668813072462713444,197.7,10.5,89.6,0.6,17.1,30.5,49.3,n/a,n/a,n/a
1765858098.1969008,1668813072543411782,190.9,9.7,80.8,0.6,15.5,35.5,48.9,n/a,n/a,n/a
1765858085.624432,1668813070515302616,220.6,11.7,90.7,0.8,19.8,25.3,72.2,8637.7,192,45.0
1765858098.3948865,1668813072576373451,224.8,10.7,82.5,1.0,4.2,24.3,102.1,n/a,n/a,n/a
1765858098.6269646,1668813072590957778,186.1,10.8,84.1,0.7,3.6,26.9,60.1,n/a,n/a,n/a
1765858099.0460644,1668813072665357373,173.0,11.7,76.7,0.7,3.7,23.1,57.0,n/a,n/a,n/a
1765858099.226444,1668813072707216477,175.6,10.8,81.6,0.7,3.5,22.0,57.0,n/a,n/a,n/a
1765858099.4092486,1668813072723711286,165.9,10.6,78.5,0.6,3.5,22.4,50.3,n/a,n/a,n/a
1765858099.8751264,1668813072800410711,180.4,10.0,83.5,0.5,14.0,24.5,47.9,n/a,n/a,n/a
1765858100.0625446,1668813072837589956,204.4,11.0,91.4,0.6,18.9,30.5,52.0,n/a,n/a,n/a
1765858100.2742476,1668813072864362584,281.4,19.5,147.1,0.8,32.2,27.4,54.4,n/a,n/a,n/a
1765858100.7985528,1668813072935383464,185.2,9.6,82.7,0.5,15.9,29.6,46.8,n/a,n/a,n/a
1765858100.9909804,1668813072966325205,195.5,10.7,89.4,0.7,16.0,27.7,51.1,n/a,n/a,n/a
1765858101.1935363,1668813073001795857,190.3,11.3,86.4,0.6,21.2,22.0,48.8,n/a,n/a,n/a
1765858101.391015,1668813073027657929,188.9,12.6,93.5,0.6,20.5,13.2,48.4,n/a,n/a,n/a
1765858101.9185417,1668813073103071121,176.3,11.3,81.7,0.5,16.1,20.0,46.7,n/a,n/a,n/a
1765858102.102263,1668813073132720525,230.6,16.5,116.6,0.7,29.3,17.2,50.3,n/a,n/a,n/a
1765858102.3401132,1668813073162667820,179.7,11.4,87.2,0.6,16.2,16.0,48.3,n/a,n/a,n/a
1765858102.749606,1668813073229178352,174.6,10.2,83.6,0.5,15.9,19.3,45.0,n/a,n/a,n/a
1765858102.9316995,1668813073265205335,183.3,11.3,87.8,0.7,16.1,17.7,49.7,n/a,n/a,n/a
1765858103.122445,1668813073301033356,184.7,11.5,89.0,0.8,17.6,17.4,48.3,n/a,n/a,n/a
1765858103.5368998,1668813073367131310,173.8,10.3,78.4,0.6,18.7,20.6,45.3,n/a,n/a,n/a
1765858103.718348,1668813073401934111,180.2,10.9,88.3,0.7,19.6,13.4,47.2,n/a,n/a,n/a
1765858103.9062226,1668813073431727456,181.8,11.2,87.8,0.7,14.6,19.3,48.2,n/a,n/a,n/a
1765858104.3174036,1668813073514728209,176.6,9.9,83.9,0.7,17.0,21.7,43.4,n/a,n/a,n/a
1765858104.5015244,1668813073544440546,182.1,10.9,90.1,0.8,18.2,15.0,47.1,n/a,n/a,n/a
1765858104.6910028,1668813073580207540,184.7,11.4,89.2,0.8,15.9,19.6,47.7,n/a,n/a,n/a
1765858105.1125143,1668813073645244648,167.5,9.9,80.2,0.8,15.2,17.8,43.7,n/a,n/a,n/a
1765858105.287487,1668813073681375065,226.2,14.9,115.2,1.0,22.4,23.2,49.6,n/a,n/a,n/a
1765858105.52107,1668813073708625957,184.8,11.3,87.0,0.9,17.1,23.6,44.8,n/a,n/a,n/a
1765858105.9438512,1668813073778905195,172.0,9.8,84.1,0.8,12.0,23.1,42.2,n/a,n/a,n/a
1765858106.1232345,1668813073813310253,194.6,11.3,91.6,0.9,17.4,26.4,46.9,n/a,n/a,n/a
1765858106.5587184,1668813073875682153,182.3,9.8,83.8,0.8,17.7,27.7,42.5,n/a,n/a,n/a
1765858106.7484486,1668813073914374188,196.4,11.4,92.9,0.9,21.0,25.3,44.8,n/a,n/a,n/a
1765858107.2036288,1668813073974322305,168.2,9.9,83.0,0.7,13.3,21.3,40.0,n/a,n/a,n/a
1765858107.3792534,1668813074003581003,192.0,11.4,93.5,0.8,17.9,23.2,45.1,n/a,n/a,n/a
1765858097.9541552,1668813072509235351,235.7,10.6,84.5,0.8,18.5,33.6,87.7,8020.0,200,40.1
1765858107.849317,1668813074076173821,153.3,11.3,78.6,1.2,4.3,17.2,40.6,n/a,n/a,n/a
1765858108.0100327,1668813074105450267,175.7,12.0,90.6,0.9,4.1,18.1,50.0,n/a,n/a,n/a
1765858108.1942472,1668813074138526730,164.7,11.3,84.5,1.3,5.9,16.3,45.4,n/a,n/a,n/a
1765858108.5736592,1668813074210512042,154.7,10.3,78.3,0.9,3.5,18.7,42.9,n/a,n/a,n/a
1765858108.736215,1668813074249472346,163.8,12.2,85.4,1.1,4.2,14.8,46.1,n/a,n/a,n/a
1765858108.9077823,1668813074273099217,156.7,11.6,82.9,0.9,4.2,14.9,42.1,n/a,n/a,n/a
1765858109.2612252,1668813074348123559,173.2,10.1,78.5,0.7,15.5,28.2,40.2,n/a,n/a,n/a
1765858109.4417,1668813074379863156,236.7,14.9,126.1,1.1,25.2,25.1,44.3,n/a,n/a,n/a
1765858109.8998492,1668813074444791361,178.1,9.8,81.0,0.8,17.2,31.0,38.3,n/a,n/a,n/a
1765858110.0856993,1668813074474287184,192.3,11.2,92.8,0.9,15.4,30.4,41.7,n/a,n/a,n/a
1765858110.2853508,1668813074508215791,191.6,11.0,90.3,0.9,22.3,26.8,40.3,n/a,n/a,n/a
1765858110.4845364,1668813074546097938,187.8,12.1,90.1,0.8,15.2,30.0,39.5,n/a,n/a,n/a
1765858110.8996246,1668813074616334724,178.6,10.0,79.9,0.8,17.2,34.2,36.5,n/a,n/a,n/a
1765858111.0856447,1668813074651608892,191.8,10.9,92.1,0.9,14.6,33.5,39.7,n/a,n/a,n/a
1765858111.2853029,1668813074683506088,195.4,11.2,90.7,0.9,19.5,32.3,40.7,n/a,n/a,n/a
1765858111.7158492,1668813074745419695,182.5,10.0,81.2,0.8,19.0,36.8,34.6,n/a,n/a,n/a
1765858111.9057639,1668813074778191003,199.3,11.0,92.2,0.9,19.8,36.2,39.2,n/a,n/a,n/a
1765858112.1124756,1668813074814477485,258.2,17.5,140.8,1.3,26.4,32.7,39.6,n/a,n/a,n/a
1765858112.3780932,1668813074844600084,186.6,11.0,90.1,0.8,16.0,31.8,36.8,n/a,n/a,n/a
1765858112.572022,1668813074879602837,192.9,11.2,93.3,0.9,16.9,33.3,37.4,n/a,n/a,n/a
1765858112.9883833,1668813074944255231,174.1,10.0,80.3,0.8,14.7,35.6,32.8,n/a,n/a,n/a
1765858113.170111,1668813074978727627,197.0,11.2,95.1,0.9,16.0,37.3,36.4,n/a,n/a,n/a
1765858113.3743694,1668813075019012239,190.0,11.0,90.9,0.9,14.7,36.4,36.1,n/a,n/a,n/a
1765858113.5717125,1668813075047369588,194.5,11.3,94.6,0.8,17.0,34.8,35.9,n/a,n/a,n/a
1765858114.0523443,1668813075119953737,181.6,10.5,84.2,0.7,19.1,36.4,30.7,n/a,n/a,n/a
1765858114.2410626,1668813075152393594,194.5,11.1,93.5,0.8,21.3,31.1,36.7,n/a,n/a,n/a
1765858114.4431188,1668813075184430805,195.9,11.4,95.0,0.8,16.5,37.8,34.4,n/a,n/a,n/a
1765858114.646448,1668813075211628095,205.1,12.2,102.3,0.9,16.4,38.8,34.5,n/a,n/a,n/a
1765858114.8590121,1668813075241278897,186.5,11.9,90.4,0.8,15.4,33.9,34.0,n/a,n/a,n/a
1765858115.0530214,1668813075281430073,189.7,11.3,87.9,0.8,17.9,35.5,36.3,n/a,n/a,n/a
1765858115.2501726,1668813075318979784,190.1,11.7,91.9,0.9,21.9,30.2,33.5,n/a,n/a,n/a
1765858115.447727,1668813075343451313,188.5,11.7,90.3,0.8,15.4,36.8,33.5,n/a,n/a,n/a
1765858115.6436055,1668813075376805494,260.0,19.2,144.3,1.2,29.4,31.3,34.6,n/a,n/a,n/a
1765858115.9110093,1668813075418522274,188.6,11.1,93.6,0.8,17.9,33.7,31.5,n/a,n/a,n/a
1765858116.3231392,1668813075475016037,181.0,10.5,81.7,0.7,18.7,38.6,30.9,n/a,n/a,n/a
1765858116.5122774,1668813075509505675,197.4,11.0,94.8,0.8,18.5,37.8,34.5,n/a,n/a,n/a
1765858116.7171996,1668813075546015283,187.6,11.7,88.6,0.8,18.6,34.4,33.4,n/a,n/a,n/a
1765858116.912318,1668813075580231059,189.3,11.7,90.1,0.9,16.4,36.9,33.2,n/a,n/a,n/a
1765858117.1091309,1668813075614441595,263.6,19.9,151.8,1.1,25.2,30.5,35.2,n/a,n/a,n/a
1765858117.3802202,1668813075644871746,187.1,11.8,90.6,0.8,15.3,35.4,33.3,n/a,n/a,n/a
1765858117.854637,1668813075796539461,183.5,11.6,90.7,0.8,17.0,35.3,28.1,n/a,n/a,n/a
1765858118.0456347,1668813075853063009,189.8,11.1,92.0,0.9,16.2,35.9,33.8,n/a,n/a,n/a
1765858118.2429206,1668813075921172344,187.5,11.1,91.7,0.9,15.7,37.1,31.0,n/a,n/a,n/a
1765858118.438349,1668813075987160957,184.8,11.6,91.3,0.8,15.4,33.9,31.7,n/a,n/a,n/a
1765858106.9521348,1668813073939040799,244.0,13.1,104.9,0.9,25.4,23.7,76.0,9341.8,211,44.3
1765858118.6307223,1668813076052956045,276.4,19.5,132.0,1.7,8.3,25.5,89.3,n/a,n/a,n/a
1765858119.1081476,1668813076187854259,156.4,10.7,78.1,1.0,4.5,27.6,34.4,n/a,n/a,n/a
1765858119.2728183,1668813076259206192,228.7,20.7,134.3,1.3,5.7,23.8,42.9,n/a,n/a,n/a
1765858119.5094745,1668813076322166604,154.2,11.7,83.3,0.8,3.9,22.3,32.2,n/a,n/a,n/a
1765858119.6712883,1668813076394054533,152.7,11.7,81.3,0.9,3.9,24.3,30.7,n/a,n/a,n/a
1765858119.8317304,1668813076456626736,153.2,11.7,82.4,0.8,3.4,25.5,29.3,n/a,n/a,n/a
1765858119.9927137,1668813076524653649,167.4,11.2,84.2,0.8,11.7,29.3,30.1,n/a,n/a,n/a
1765858120.1675627,1668813076582689472,189.6,12.6,96.4,0.9,21.1,28.0,30.6,n/a,n/a,n/a
1765858120.3649669,1668813076653577430,191.4,11.4,90.6,0.9,19.2,37.9,31.3,n/a,n/a,n/a
1765858120.5638433,1668813076721635363,188.3,11.7,89.9,0.8,21.8,33.0,31.2,n/a,n/a,n/a
1765858120.760385,1668813076789628037,183.6,11.6,91.8,0.8,15.5,33.6,30.4,n/a,n/a,n/a
1765858120.9517736,1668813076859839387,184.0,11.0,90.8,0.7,20.3,30.3,30.8,n/a,n/a,n/a
1765858121.1434143,1668813076925724964,185.3,11.1,90.2,0.8,18.3,34.9,30.2,n/a,n/a,n/a
1765858121.3361394,1668813076994354371,186.0,11.5,89.0,0.7,18.7,34.3,31.8,n/a,n/a,n/a
1765858121.5299826,1668813077058298633,184.5,11.4,88.3,0.7,18.6,33.6,31.9,n/a,n/a,n/a
1765858121.7219505,1668813077126692706,270.3,19.3,148.6,1.0,30.9,35.9,34.7,n/a,n/a,n/a
1765858121.999937,1668813077179809902,185.0,10.9,87.7,0.7,19.7,30.9,35.0,n/a,n/a,n/a
1765858122.1922812,1668813077259430423,181.6,11.8,85.9,0.7,16.1,35.2,31.8,n/a,n/a,n/a
1765858122.381488,1668813077325089964,185.9,11.6,88.5,0.7,17.4,35.5,32.1,n/a,n/a,n/a
1765858122.5751407,1668813077392615912,189.3,11.3,91.6,0.8,16.6,36.8,32.2,n/a,n/a,n/a
1765858122.7720716,1668813077452695066,186.7,11.0,88.4,0.8,15.9,37.3,33.4,n/a,n/a,n/a
1765858122.9666235,1668813077527776462,255.5,18.1,142.1,0.9,30.4,29.6,34.4,n/a,n/a,n/a
1765858123.2297976,1668813077593432978,189.8,11.3,92.0,0.8,20.1,33.0,32.7,n/a,n/a,n/a
1765858123.4270086,1668813077661830534,183.7,10.9,91.0,0.8,17.9,29.6,33.5,n/a,n/a,n/a
1765858123.618069,1668813077720130105,187.5,11.4,90.4,0.7,18.3,33.4,33.2,n/a,n/a,n/a
1765858123.8130944,1668813077796008000,186.9,10.9,90.7,0.8,18.3,33.1,33.1,n/a,n/a,n/a
1765858124.0075986,1668813077861374032,188.0,10.9,90.5,0.8,17.6,35.2,33.0,n/a,n/a,n/a
1765858124.203151,1668813077929501936,235.3,16.8,132.7,0.9,25.5,26.7,32.6,n/a,n/a,n/a
1765858124.4464705,1668813077995289908,180.5,11.2,91.5,0.7,16.0,29.6,31.4,n/a,n/a,n/a
1765858124.634256,1668813078063530957,177.1,11.2,88.8,0.7,16.2,28.2,31.9,n/a,n/a,n/a
1765858124.8191288,1668813078122516893,181.0,11.1,90.0,0.8,17.3,30.2,31.7,n/a,n/a,n/a
1765858125.277138,1668813078263433070,168.3,10.1,84.9,0.6,14.9,28.4,29.5,n/a,n/a,n/a
1765858125.65392,1668813078398021648,159.8,10.2,82.6,0.7,13.7,22.4,30.2,n/a,n/a,n/a
1765858126.0249784,1668813078519472219,165.2,10.1,82.3,0.7,16.6,27.1,28.3,n/a,n/a,n/a
1765858126.4106042,1668813078665981752,176.2,10.3,84.8,0.8,17.7,33.4,29.2,n/a,n/a,n/a
1765858126.5953066,1668813078735630433,186.3,11.3,93.6,0.9,19.8,26.4,34.3,n/a,n/a,n/a
1765858126.7892003,1668813078793756332,184.9,11.1,92.5,0.9,15.9,32.4,32.2,n/a,n/a,n/a
1765858126.9823444,1668813078867076466,186.7,11.0,91.8,0.9,20.9,28.7,33.5,n/a,n/a,n/a
1765858127.1768527,1668813078927325517,182.5,10.9,93.5,0.9,18.0,27.1,32.1,n/a,n/a,n/a
1765858127.3675084,1668813079001261333,184.0,11.6,91.0,0.9,16.1,31.6,32.7,n/a,n/a,n/a
1765858127.559128,1668813079064073504,189.9,11.0,93.6,1.0,16.4,34.8,33.1,n/a,n/a,n/a
1765858127.7565548,1668813079135078433,186.0,11.4,90.9,0.8,16.4,32.5,33.9,n/a,n/a,n/a
1765858127.95008,1668813079202039773,242.5,17.5,134.7,1.0,29.4,24.8,35.2,n/a,n/a,n/a
1765858128.200229,1668813079270445120,246.9,18.2,137.4,1.1,25.4,31.8,33.0,n/a,n/a,n/a
1765858128.455148,1668813079337270749,246.4,17.2,137.9,1.1,26.7,29.5,34.1,n/a,n/a,n/a
1765858128.7095714,1668813079400856062,184.1,11.7,91.3,0.8,15.3,31.3,33.7,n/a,n/a,n/a
1765858128.9014313,1668813079469159845,179.7,11.0,88.5,0.9,24.5,22.3,32.5,n/a,n/a,n/a
1765858129.089075,1668813079534423818,181.6,11.3,91.2,0.9,15.9,29.9,32.5,n/a,n/a,n/a
1765858129.2783694,1668813079604030467,186.9,10.9,92.6,0.9,18.1,32.4,32.0,n/a,n/a,n/a
1765858129.4729059,1668813079671152491,182.5,11.3,91.5,0.9,20.4,25.2,33.1,n/a,n/a,n/a
1765858117.5750246,1668813075727518985,272.0,18.4,145.3,1.1,28.8,25.1,53.3,9602.9,221,43.5
1765858129.663067,1668813079731327461,265.3,18.0,127.5,1.7,7.3,22.8,87.9,n/a,n/a,n/a
1765858129.936253,1668813079795371678,212.9,18.3,129.0,1.3,6.2,19.9,38.2,n/a,n/a,n/a
1765858130.1574595,1668813079875301297,159.4,12.1,85.6,1.0,4.4,19.9,36.5,n/a,n/a,n/a
1765858130.3248863,1668813079930796899,148.4,11.0,81.7,1.1,3.8,18.3,32.4,n/a,n/a,n/a
1765858130.4811006,1668813080004157423,188.7,16.7,114.0,1.0,4.8,17.8,34.3,n/a,n/a,n/a
1765858130.678783,1668813080063009526,172.1,10.9,85.6,0.8,16.3,27.2,31.3,n/a,n/a,n/a
1765858130.8584833,1668813080139284719,177.6,11.5,89.0,0.7,15.7,27.2,33.6,n/a,n/a,n/a
1765858131.2490437,1668813080273647034,172.2,10.3,83.1,0.7,16.8,31.5,29.8,n/a,n/a,n/a
1765858131.644042,1668813080407823225,169.5,10.2,85.1,0.7,13.0,30.5,29.8,n/a,n/a,n/a
1765858132.037575,1668813080542003639,176.4,11.5,82.6,0.8,14.3,36.2,31.0,n/a,n/a,n/a
1765858132.4440112,1668813080675277666,270.4,18.6,145.0,1.1,31.5,38.6,35.5,n/a,n/a,n/a
1765858133.0057356,1668813080801630288,220.8,14.6,117.4,1.0,20.8,33.0,34.0,n/a,n/a,n/a
1765858133.2338977,1668813080864860306,234.6,15.7,125.7,1.1,22.8,30.4,38.9,n/a,n/a,n/a
1765858133.741697,1668813080982162520,228.9,17.5,123.7,1.0,21.7,29.2,35.9,n/a,n/a,n/a
1765858134.2540283,1668813081100256086,209.5,13.9,104.2,0.9,23.0,30.5,36.9,n/a,n/a,n/a
1765858134.4709027,1668813081165944859,189.9,11.9,92.3,0.9,19.3,24.0,41.5,n/a,n/a,n/a
1765858134.887747,1668813081278287236,182.6,10.8,85.0,0.9,17.5,32.8,35.6,n/a,n/a,n/a
1765858135.3079293,1668813081404231536,189.2,10.6,85.3,0.9,15.9,39.5,36.9,n/a,n/a,n/a
1765858135.8229475,1668813081520371089,191.1,10.3,85.1,0.9,18.6,37.3,38.8,n/a,n/a,n/a
1765858136.2938926,1668813081638578230,218.9,14.2,107.7,1.1,21.8,34.6,39.5,n/a,n/a,n/a
1765858136.775374,1668813081766850192,185.5,10.7,83.0,0.9,15.7,36.1,39.0,n/a,n/a,n/a
1765858136.9684963,1668813081824026327,203.1,11.8,97.0,1.1,16.8,33.4,43.1,n/a,n/a,n/a
1765858137.1794317,1668813081883526061,208.0,12.4,98.4,1.1,19.4,34.1,42.6,n/a,n/a,n/a
1765858137.6273222,1668813081997820253,190.7,10.5,87.1,1.0,17.6,36.8,37.7,n/a,n/a,n/a
1765858137.8255987,1668813082067126752,249.1,16.1,131.5,1.4,21.7,33.6,44.7,n/a,n/a,n/a
1765858138.3215258,1668813082185480217,185.5,10.7,83.5,1.0,15.3,36.2,38.8,n/a,n/a,n/a
1765858138.514691,1668813082246637570,208.3,12.1,97.1,1.1,20.8,31.9,45.2,n/a,n/a,n/a
1765858139.00152,1668813082364154671,187.8,11.0,83.2,0.9,17.3,36.4,38.9,n/a,n/a,n/a
1765858139.196932,1668813082435126756,254.2,16.8,133.3,1.2,22.8,34.2,45.9,n/a,n/a,n/a
1765858126.1975946,1668813078599115743,205.0,11.3,92.7,0.8,18.3,29.9,51.9,8743.6,226,38.7
1765858139.7395053,1668813082543291397,189.3,11.8,87.0,1.2,6.2,27.6,55.5,n/a,n/a,n/a
1765858140.2092566,1668813082668188052,170.3,11.5,81.3,0.9,3.9,29.7,42.8,n/a,n/a,n/a
1765858140.6107917,1668813082788419179,164.4,12.0,79.6,1.2,3.7,25.3,42.5,n/a,n/a,n/a
1765858140.7831552,1668813082848851464,171.8,12.1,84.8,1.0,4.1,25.1,44.7,n/a,n/a,n/a
1765858140.962884,1668813082909885552,169.4,12.3,84.1,1.1,4.0,24.8,43.1,n/a,n/a,n/a
1765858141.357892,1668813083032125351,189.7,10.7,84.0,0.9,15.5,39.7,38.9,n/a,n/a,n/a
1765858141.555269,1668813083087508645,259.6,16.7,131.5,1.2,29.4,33.9,47.0,n/a,n/a,n/a
1765858142.1077218,1668813083212052058,189.4,10.4,84.6,0.7,17.3,36.5,39.8,n/a,n/a,n/a
1765858142.3047602,1668813083270868329,199.6,11.6,92.2,0.8,21.3,29.5,44.2,n/a,n/a,n/a
1765858142.795059,1668813083390731065,193.8,11.7,89.9,0.7,22.1,30.4,38.9,n/a,n/a,n/a
1765858143.235256,1668813083513391844,191.6,12.1,87.4,0.7,17.8,32.9,40.7,n/a,n/a,n/a
1765858143.4345891,1668813083573327676,211.0,12.6,95.0,0.8,21.9,32.8,47.7,n/a,n/a,n/a
1765858143.934354,1668813083694394744,214.0,15.2,111.1,0.9,19.3,26.6,40.9,n/a,n/a,n/a
1765858144.156176,1668813083761064668,230.5,14.8,116.8,0.9,23.0,26.5,48.4,n/a,n/a,n/a
1765858144.3940647,1668813083805856798,238.1,17.3,127.5,0.9,20.5,25.0,46.9,n/a,n/a,n/a
1765858144.6396196,1668813083807618232,238.1,16.2,123.5,0.9,24.1,27.0,46.4,n/a,n/a,n/a
1765858144.885126,1668813083863174861,192.1,12.1,89.5,0.7,21.9,23.5,44.5,n/a,n/a,n/a
1765858145.3153293,1668813083922126690,173.7,10.8,82.6,0.7,12.3,26.2,41.0,n/a,n/a,n/a
1765858145.4964116,1668813083958249852,196.6,11.5,90.5,0.8,16.4,30.1,47.3,n/a,n/a,n/a
1765858145.700371,1668813083990727394,249.6,17.3,125.5,1.0,26.9,31.2,47.7,n/a,n/a,n/a
1765858146.1951222,1668813084074530073,187.5,10.7,81.7,0.7,17.0,35.0,42.5,n/a,n/a,n/a
1765858146.389985,1668813084102940661,195.9,11.7,89.5,0.8,21.8,23.9,48.2,n/a,n/a,n/a
1765858146.5934296,1668813084137749709,195.2,11.7,91.0,0.8,14.9,30.0,46.9,n/a,n/a,n/a
1765858147.0372784,1668813084198884555,186.0,10.5,79.6,0.7,18.6,31.8,44.7,n/a,n/a,n/a
1765858147.2307394,1668813084234086473,201.0,11.4,91.0,0.8,17.3,30.9,49.6,n/a,n/a,n/a
1765858147.4390712,1668813084263879272,198.6,11.3,89.2,0.8,18.3,32.1,46.9,n/a,n/a,n/a
1765858147.645098,1668813084311797772,258.8,18.0,137.0,1.1,25.9,27.9,48.9,n/a,n/a,n/a
1765858148.1504335,1668813084372073564,190.7,10.3,84.1,0.8,16.7,35.0,43.8,n/a,n/a,n/a
1765858148.348667,1668813084406323846,255.7,17.3,130.5,1.2,23.8,31.7,51.1,n/a,n/a,n/a
1765858148.6117344,1668813084427504849,204.6,12.0,91.8,0.9,17.1,33.2,49.5,n/a,n/a,n/a
1765858149.0699918,1668813084502777869,190.6,10.5,81.3,0.7,17.8,35.6,44.6,n/a,n/a,n/a
1765858149.2678921,1668813084537061443,258.5,16.5,131.8,1.1,22.6,33.3,53.2,n/a,n/a,n/a
1765858138.730831,1668813082306199946,262.9,15.0,118.0,1.2,22.2,32.1,74.5,8441.6,241,35.0
1765858149.5337074,1668813084569136997,268.7,12.8,100.7,0.8,14.2,23.3,116.9,n/a,n/a,n/a
1765858149.810423,1668813084602015671,220.6,17.9,112.1,1.7,6.1,26.1,56.6,n/a,n/a,n/a
1765858150.2633047,1668813084673772193,170.9,11.6,77.6,0.8,3.5,29.4,47.9,n/a,n/a,n/a
1765858150.4423923,1668813084701343821,186.6,11.9,87.9,1.0,4.4,25.1,56.3,n/a,n/a,n/a
1765858150.6377108,1668813084738233702,178.5,12.1,82.4,1.0,4.2,25.2,53.6,n/a,n/a,n/a
1765858151.0385246,1668813084806437855,158.4,10.5,73.1,0.8,3.6,25.7,44.8,n/a,n/a,n/a
1765858151.2044778,1668813084835164985,216.5,17.2,115.1,1.0,6.2,23.1,53.9,n/a,n/a,n/a
1765858151.428534,1668813084870189689,297.3,22.4,163.7,1.0,32.1,28.6,49.5,n/a,n/a,n/a
1765858151.9695165,1668813084936955680,182.6,10.1,82.8,0.7,17.7,28.0,43.3,n/a,n/a,n/a
1765858152.1592145,1668813084970409347,205.6,11.6,94.5,0.8,19.5,31.0,48.2,n/a,n/a,n/a
1765858152.6568923,1668813085034796825,194.1,10.4,86.1,0.7,16.7,35.7,44.5,n/a,n/a,n/a
1765858152.8582618,1668813085071735923,206.1,11.5,93.9,0.8,16.4,34.7,48.7,n/a,n/a,n/a
1765858153.3115633,1668813085135180790,190.6,10.1,83.9,0.7,18.4,36.1,41.3,n/a,n/a,n/a
1765858153.5095828,1668813085174408208,273.4,18.8,143.1,1.1,27.6,31.8,50.9,n/a,n/a,n/a
1765858153.7903588,1668813085207107866,210.4,12.2,100.3,0.8,17.3,33.0,46.8,n/a,n/a,n/a
1765858154.2425628,1668813085270496272,252.6,17.6,133.2,0.9,22.7,36.0,42.2,n/a,n/a,n/a
1765858154.5023496,1668813085304277174,202.9,11.1,92.5,0.8,15.9,35.0,47.6,n/a,n/a,n/a
1765858154.7124684,1668813085336807557,203.8,11.1,93.4,0.7,16.8,36.1,45.7,n/a,n/a,n/a
1765858155.2285008,1668813085401983380,189.1,10.5,82.4,0.7,17.4,37.8,40.4,n/a,n/a,n/a
1765858155.424719,1668813085436022940,203.1,11.6,89.8,0.7,17.5,37.3,46.2,n/a,n/a,n/a
1765858155.9486907,1668813085504080804,185.8,9.9,82.5,0.6,17.4,36.1,39.2,n/a,n/a,n/a
1765858156.1420467,1668813085537878451,199.4,11.7,88.4,0.7,16.9,34.4,47.2,n/a,n/a,n/a
1765858156.348555,1668813085571959603,257.0,18.3,140.9,0.9,20.7,31.7,44.5,n/a,n/a,n/a
1765858156.6126316,1668813085606004875,203.1,12.0,98.2,0.7,16.6,31.8,43.7,n/a,n/a,n/a
1765858157.055443,1668813085676028892,179.2,9.9,79.2,0.6,16.7,33.9,38.9,n/a,n/a,n/a
1765858157.241695,1668813085711459862,197.0,11.0,90.6,0.7,16.5,33.5,44.7,n/a,n/a,n/a
1765858157.4457512,1668813085743879943,250.5,17.7,134.8,0.9,25.7,25.0,46.3,n/a,n/a,n/a
1765858157.703553,1668813085776827802,188.7,11.1,86.9,0.8,19.1,28.3,42.4,n/a,n/a,n/a
1765858157.8994744,1668813085810954755,189.5,10.9,87.2,0.7,17.9,29.7,43.1,n/a,n/a,n/a
1765858158.0960937,1668813085841500758,246.2,17.2,133.4,0.8,27.8,24.1,43.0,n/a,n/a,n/a
1765858158.6730685,1668813085905366641,176.8,9.6,82.9,0.6,16.9,30.2,36.6,n/a,n/a,n/a
1765858158.8571405,1668813085939832165,185.8,10.7,87.1,0.7,22.2,22.9,42.2,n/a,n/a,n/a
1765858159.0500531,1668813085973943701,184.6,10.7,88.3,0.7,16.0,27.4,41.4,n/a,n/a,n/a
1765858159.241701,1668813086009656321,184.6,11.2,88.8,0.7,16.2,26.3,41.5,n/a,n/a,n/a
1765858159.4337664,1668813086036847374,237.1,16.2,124.4,0.8,29.9,23.8,41.9,n/a,n/a,n/a
1765858148.8241599,1668813084464668291,238.4,11.7,91.2,0.8,16.1,34.0,84.6,8544.1,254,33.6
1765858159.8916106,1668813086109143843,216.9,10.1,83.1,0.9,4.4,17.1,101.4,n/a,n/a,n/a
1765858160.115936,1668813086138951796,173.3,12.9,88.5,0.9,7.2,16.2,47.7,n/a,n/a,n/a
1765858160.2973468,1668813086173044833,166.8,11.9,85.9,0.8,4.7,17.7,45.8,n/a,n/a,n/a
1765858160.472328,1668813086247142196,163.9,11.9,85.6,0.7,4.6,18.4,42.5,n/a,n/a,n/a
1765858160.872628,1668813086369445051,150.0,11.5,81.2,0.7,4.1,14.5,38.1,n/a,n/a,n/a
1765858161.2761397,1668813086479369729,195.6,18.5,125.9,0.9,4.8,10.6,34.9,n/a,n/a,n/a
1765858161.4790354,1668813086547930735,218.5,18.4,119.9,0.8,25.6,16.4,37.5,n/a,n/a,n/a
1765858161.9034348,1668813086677039743,164.7,11.0,83.1,0.4,18.2,18.0,33.9,n/a,n/a,n/a
1765858162.0754547,1668813086729927026,166.2,11.0,83.0,0.4,16.3,17.6,37.9,n/a,n/a,n/a
1765858162.453596,1668813086834482698,165.5,11.4,84.5,0.4,19.0,16.7,33.6,n/a,n/a,n/a
1765858162.6263058,1668813086905683533,246.1,19.3,140.7,0.8,30.8,13.6,40.9,n/a,n/a,n/a
1765858163.0863042,1668813087045484871,176.0,12.0,91.5,0.6,18.2,19.4,34.3,n/a,n/a,n/a
1765858163.2695978,1668813087111057260,170.1,11.3,83.7,0.5,18.0,18.8,37.8,n/a,n/a,n/a
1765858163.4469893,1668813087177928129,192.6,12.7,103.0,0.8,19.6,20.5,36.0,n/a,n/a,n/a
1765858163.8511944,1668813087307616955,236.3,18.8,135.4,0.7,27.4,20.6,33.6,n/a,n/a,n/a
1765858164.0950599,1668813087379556175,383.5,32.4,249.2,1.2,44.1,15.6,41.0,n/a,n/a,n/a
1765858164.819899,1668813087514259551,156.5,9.2,80.6,0.5,16.6,15.9,33.7,n/a,n/a,n/a
1765858164.9839752,1668813087577582833,169.0,10.4,86.8,0.6,21.2,14.2,35.8,n/a,n/a,n/a
1765858165.160424,1668813087644159472,251.6,19.5,149.4,0.9,23.7,17.1,41.0,n/a,n/a,n/a
1765858165.6603959,1668813087783234199,173.0,11.8,92.2,0.5,22.0,12.2,34.3,n/a,n/a,n/a
1765858165.8411293,1668813087849800131,172.6,10.3,87.8,0.6,17.8,16.8,39.3,n/a,n/a,n/a
1765858166.2602057,1668813087974729184,159.8,9.2,79.3,0.5,18.1,18.6,34.1,n/a,n/a,n/a
1765858166.4275253,1668813088051760154,170.6,10.2,86.0,0.6,17.7,17.8,38.2,n/a,n/a,n/a
1765858166.809535,1668813088183843381,159.5,9.3,81.8,0.5,17.3,16.6,34.1,n/a,n/a,n/a
1765858166.976365,1668813088250352955,172.6,10.4,86.8,0.6,17.0,18.8,39.0,n/a,n/a,n/a
1765858167.156656,1668813088312594217,195.0,12.4,103.3,0.7,22.3,17.6,38.8,n/a,n/a,n/a
1765858167.3590298,1668813088381529408,167.7,10.3,85.2,0.6,17.6,18.0,36.0,n/a,n/a,n/a
1765858167.5344133,1668813088451901058,168.1,10.3,84.9,0.6,19.2,15.5,37.7,n/a,n/a,n/a
1765858167.7100348,1668813088513412709,178.7,10.2,91.0,0.6,18.2,20.7,38.0,n/a,n/a,n/a
1765858167.8959286,1668813088584609071,169.8,10.3,86.4,0.7,16.8,18.6,37.0,n/a,n/a,n/a
1765858168.0731385,1668813088652758943,171.7,10.4,91.7,0.7,14.8,16.1,38.0,n/a,n/a,n/a
1765858168.525338,1668813088787276385,163.7,9.3,83.4,0.7,17.8,19.8,32.6,n/a,n/a,n/a
1765858168.6964428,1668813088853034639,225.6,14.5,123.9,0.9,22.9,22.7,40.7,n/a,n/a,n/a
1765858169.1316142,1668813088986283827,160.5,9.7,79.6,0.6,14.5,24.2,31.9,n/a,n/a,n/a
1765858169.511796,1668813089119603370,155.6,10.2,81.4,0.5,16.3,15.7,31.6,n/a,n/a,n/a
1765858169.9401457,1668813089253966335,157.8,9.9,78.3,0.5,16.2,22.7,30.1,n/a,n/a,n/a
1765858159.677927,1668813086076620629,206.6,10.7,88.6,0.7,15.2,24.4,67.0,8511.9,265,32.1
1765858170.37209,1668813089388610009,154.1,11.5,81.2,0.7,3.3,14.9,42.3,n/a,n/a,n/a
1765858170.5348437,1668813089455895667,152.9,12.3,83.7,0.9,4.0,13.4,38.7,n/a,n/a,n/a
1765858170.9460769,1668813089589747707,143.4,11.3,75.5,0.6,3.3,15.7,37.0,n/a,n/a,n/a
1765858171.3764946,1668813089722968430,175.8,15.3,106.7,0.7,4.0,17.1,31.9,n/a,n/a,n/a
1765858171.770713,1668813089847431393,187.4,14.6,99.1,0.7,21.3,18.7,33.0,n/a,n/a,n/a
1765858172.3930008,1668813090049686980,160.2,9.5,83.1,0.6,16.4,14.2,36.5,n/a,n/a,n/a
1765858172.7575595,1668813090181779801,169.0,9.6,83.4,0.6,17.4,22.0,35.9,n/a,n/a,n/a
1765858173.168496,1668813090316788495,160.4,10.0,79.2,0.6,14.1,20.9,35.6,n/a,n/a,n/a
1765858173.5663764,1668813090458115745,169.1,9.7,82.8,0.6,17.8,22.5,35.6,n/a,n/a,n/a
1765858173.7431798,1668813090522196688,179.3,11.0,90.0,0.7,22.0,14.9,40.5,n/a,n/a,n/a
1765858173.9299393,1668813090586625122,179.2,10.5,91.1,0.7,16.8,22.3,37.8,n/a,n/a,n/a
1765858174.1163685,1668813090660779283,174.8,10.8,88.6,0.7,20.7,14.4,39.6,n/a,n/a,n/a
1765858174.507846,1668813090787397638,157.0,9.8,81.9,0.6,13.2,16.7,34.8,n/a,n/a,n/a
1765858174.6721041,1668813090860930645,185.2,11.9,96.0,0.8,22.3,14.0,40.2,n/a,n/a,n/a
1765858175.0729337,1668813090987334674,155.1,9.8,78.3,0.6,16.3,16.3,33.8,n/a,n/a,n/a
1765858175.2356436,1668813091056964157,175.5,11.3,88.8,0.7,16.8,19.6,38.4,n/a,n/a,n/a
1765858175.6187868,1668813091192273887,163.0,9.9,77.5,0.6,15.9,25.4,33.7,n/a,n/a,n/a
1765858175.7893379,1668813091268381154,182.0,10.8,90.6,0.7,16.9,23.8,39.2,n/a,n/a,n/a
1765858175.9786043,1668813091323049887,174.6,11.2,87.5,0.8,19.8,18.0,37.3,n/a,n/a,n/a
1765858176.1605349,1668813091388871568,179.6,10.9,88.9,0.7,17.1,25.5,36.4,n/a,n/a,n/a
1765858177.1983316,1668813091732125756,186.1,10.8,87.5,0.7,18.0,29.8,39.3,n/a,n/a,n/a
1765858177.626891,1668813091865205458,277.2,21.1,158.4,1.0,31.0,25.7,40.0,n/a,n/a,n/a
1765858178.134346,1668813092001719351,178.8,10.2,82.2,0.7,17.7,31.6,36.4,n/a,n/a,n/a
1765858178.6164598,1668813092136026296,178.5,10.7,79.5,0.7,17.7,31.8,38.1,n/a,n/a,n/a
1765858179.0827348,1668813092256530456,179.0,10.3,82.0,0.8,17.1,31.2,37.6,n/a,n/a,n/a
1765858179.553301,1668813092392222080,221.1,14.7,114.2,0.9,21.1,30.8,39.3,n/a,n/a,n/a
1765858169.6747613,1668813089186205470,257.9,16.5,133.8,0.8,28.0,19.3,59.5,8315.2,279,29.8
1765858180.0425713,1668813092532098077,178.9,10.1,81.4,0.8,16.5,30.4,39.7,n/a,n/a,n/a
1765858180.2299786,1668813092592834020,243.8,11.9,83.2,0.9,3.9,20.3,123.5,n/a,n/a,n/a
1765858180.7044053,1668813092725941641,169.2,11.7,80.9,0.8,4.0,26.2,45.6,n/a,n/a,n/a
1765858181.1039176,1668813092870660988,173.1,11.2,83.9,1.1,4.2,27.5,45.2,n/a,n/a,n/a
1765858181.2858007,1668813092935298059,228.9,18.1,125.7,1.4,5.7,24.0,54.0,n/a,n/a,n/a
1765858181.7458448,1668813093059669602,158.0,10.7,74.2,0.8,4.5,23.1,44.7,n/a,n/a,n/a
1765858182.1134777,1668813093195663489,214.6,19.2,126.8,1.0,4.9,21.0,41.7,n/a,n/a,n/a
1765858182.5638988,1668813093337779301,250.5,18.3,134.0,0.9,26.0,30.1,41.2,n/a,n/a,n/a
1765858183.1150498,1668813093465105018,180.7,10.2,83.2,0.7,16.8,30.3,39.5,n/a,n/a,n/a
1765858183.3031683,1668813093538706308,196.5,11.2,91.9,0.8,18.8,27.4,46.4,n/a,n/a,n/a
1765858183.734629,1668813093663666610,178.1,10.4,80.0,0.7,18.1,30.1,38.9,n/a,n/a,n/a
1765858183.920251,1668813093733246788,198.5,11.5,92.9,0.8,14.7,30.3,48.4,n/a,n/a,n/a
1765858184.1268072,1668813093804690253,187.7,11.4,88.1,0.7,20.9,22.5,44.0,n/a,n/a,n/a
1765858184.5442977,1668813093940369808,175.6,10.3,83.6,0.6,11.2,31.5,38.4,n/a,n/a,n/a
1765858184.7273908,1668813094001805152,190.7,11.2,89.1,0.7,15.6,30.2,43.9,n/a,n/a,n/a
1765858185.1453345,1668813094132291375,178.2,10.3,83.8,0.6,15.2,30.4,37.8,n/a,n/a,n/a
1765858185.5584295,1668813094265963471,177.6,10.3,79.5,0.6,16.2,31.7,39.3,n/a,n/a,n/a
1765858185.7434273,1668813094342110619,195.4,11.2,89.3,0.8,21.1,30.4,42.6,n/a,n/a,n/a
1765858185.9461188,1668813094409843827,192.0,11.3,89.0,0.8,17.2,31.7,41.9,n/a,n/a,n/a
1765858186.1457462,1668813094476091726,190.1,11.1,89.6,0.8,15.7,30.7,42.2,n/a,n/a,n/a
1765858186.3432157,1668813094540649054,191.0,11.1,88.1,0.7,21.9,25.7,43.4,n/a,n/a,n/a
1765858186.5417047,1668813094615538352,191.0,11.2,90.7,0.7,16.8,29.2,42.4,n/a,n/a,n/a
1765858186.9704733,1668813094747100697,183.8,10.0,80.7,0.8,15.7,35.4,41.1,n/a,n/a,n/a
1765858187.636637,1668813094945055196,217.4,13.3,105.0,0.9,21.4,34.4,42.4,n/a,n/a,n/a
1765858188.1334424,1668813095074431317,225.5,14.5,112.7,1.0,19.9,36.3,41.1,n/a,n/a,n/a
1765858190.0310466,1668813095481362380,185.2,11.0,82.5,0.9,17.3,32.8,40.8,n/a,n/a,n/a
1765858190.5203612,1668813095606964005,192.4,9.9,84.9,1.0,15.2,37.5,43.9,n/a,n/a,n/a
1765858179.7819638,1668813092455952111,252.9,14.8,117.1,1.0,20.0,25.8,74.2,8360.1,301,27.8
1765858191.0843017,1668813095745438059,185.3,11.4,88.3,1.1,3.7,18.0,62.9,n/a,n/a,n/a
1765858191.5035148,1668813095882081303,168.6,11.6,82.5,0.8,3.4,22.8,47.5,n/a,n/a,n/a
1765858191.6804552,1668813095952315124,231.7,17.6,130.4,1.3,5.2,20.0,57.2,n/a,n/a,n/a
1765858192.1869688,1668813096090281502,319.5,31.6,210.1,1.8,8.5,18.5,48.9,n/a,n/a,n/a
1765858192.7694046,1668813096208792507,181.2,13.6,100.7,1.1,6.0,19.3,40.5,n/a,n/a,n/a
1765858193.2340815,1668813096353904983,181.0,10.6,84.5,0.7,17.7,30.8,36.8,n/a,n/a,n/a
1765858193.718943,1668813096491510344,302.8,22.4,177.2,1.2,35.0,27.4,39.5,n/a,n/a,n/a
1765858194.0292234,1668813096549883520,270.4,20.1,155.6,1.1,27.2,23.0,43.4,n/a,n/a,n/a
1765858195.0620406,1668813096820351826,165.8,11.0,90.1,0.5,11.4,19.8,33.0,n/a,n/a,n/a
1765858195.2355366,1668813096888337891,180.4,11.2,91.0,0.5,16.5,23.1,38.2,n/a,n/a,n/a
1765858195.4235947,1668813096954015148,175.5,11.6,86.9,0.6,16.6,23.7,36.2,n/a,n/a,n/a
1765858195.606934,1668813097013102118,171.2,11.7,89.7,0.6,15.2,16.4,37.5,n/a,n/a,n/a
1765858195.7856336,1668813097089908180,174.9,11.9,91.9,0.6,16.0,17.0,37.5,n/a,n/a,n/a
1765858196.1779082,1668813097222874189,199.6,13.6,104.8,0.8,24.8,21.0,34.6,n/a,n/a,n/a
1765858196.655217,1668813097358065724,179.8,11.5,88.2,0.6,17.2,26.6,35.8,n/a,n/a,n/a
1765858197.0646594,1668813097489590649,179.4,12.0,88.0,0.7,18.0,25.1,35.6,n/a,n/a,n/a
1765858197.2517972,1668813097558079071,203.0,12.8,102.6,0.8,18.3,22.4,46.2,n/a,n/a,n/a
1765858197.6826692,1668813097689338443,170.9,10.0,84.7,0.7,15.4,23.0,37.0,n/a,n/a,n/a
1765858197.8611012,1668813097758825481,187.0,11.2,90.5,0.8,17.4,24.2,43.0,n/a,n/a,n/a
1765858198.0561588,1668813097824371226,186.2,10.8,92.6,0.8,16.4,24.4,41.2,n/a,n/a,n/a
1765858198.2496722,1668813097879600324,182.9,10.8,88.7,0.7,16.6,22.0,44.0,n/a,n/a,n/a
1765858198.4402041,1668813097953019315,193.9,10.8,93.9,0.8,16.3,28.3,43.7,n/a,n/a,n/a
1765858198.6416168,1668813098026872389,180.4,11.4,88.7,0.7,15.9,20.9,43.0,n/a,n/a,n/a
1765858199.0402236,1668813098159384407,171.9,10.2,79.6,0.6,16.1,27.8,37.6,n/a,n/a,n/a
1765858199.220081,1668813098226120618,190.0,11.0,91.9,0.8,20.9,22.5,42.9,n/a,n/a,n/a
1765858199.4175496,1668813098287050110,184.4,11.1,88.1,0.8,17.4,26.9,40.1,n/a,n/a,n/a
1765858199.6093569,1668813098354982365,187.3,11.3,91.6,0.7,17.0,25.9,40.8,n/a,n/a,n/a
1765858199.8042593,1668813098428407381,182.0,11.1,87.9,0.8,15.8,27.0,39.4,n/a,n/a,n/a
1765858199.9936063,1668813098489807455,235.3,16.4,129.7,0.9,23.3,23.1,41.9,n/a,n/a,n/a
1765858200.2365446,1668813098561771719,188.0,11.2,92.3,0.8,17.9,26.3,39.6,n/a,n/a,n/a
1765858200.432027,1668813098626485586,193.0,11.4,92.6,0.9,20.5,28.0,39.5,n/a,n/a,n/a
1765858200.6323879,1668813098691094071,188.3,11.1,90.8,0.8,17.9,28.9,38.8,n/a,n/a,n/a
1765858200.828115,1668813098751692670,184.9,10.9,92.3,0.8,16.4,24.6,39.9,n/a,n/a,n/a
1765858201.0203767,1668813098816754203,185.6,10.9,91.0,0.7,21.3,22.3,39.4,n/a,n/a,n/a
1765858201.2136366,1668813098886608030,185.4,10.8,91.0,0.8,16.5,26.8,39.6,n/a,n/a,n/a
1765858201.40633,1668813098961649434,185.9,11.0,90.9,0.8,18.7,24.4,40.1,n/a,n/a,n/a
1765858201.59971,1668813099032425396,189.8,11.0,90.7,0.8,21.7,24.9,40.7,n/a,n/a,n/a
1765858190.2239022,1668813095549865299,288.7,15.8,131.4,1.4,23.9,32.6,83.6,8867.0,321,27.6
1765858201.7971025,1668813099089760598,276.5,12.9,92.0,0.8,16.9,17.7,136.2,n/a,n/a,n/a
1765858202.0818806,1668813099165240281,170.5,12.5,83.2,1.2,4.2,13.1,56.2,n/a,n/a,n/a
1765858202.2612848,1668813099226302509,169.7,12.5,89.3,0.9,4.4,13.9,48.7,n/a,n/a,n/a
1765858202.4388347,1668813099293656823,162.5,12.1,87.9,0.8,5.9,12.8,43.1,n/a,n/a,n/a
1765858202.6098773,1668813099357238275,161.9,11.7,85.6,1.4,5.2,13.0,45.1,n/a,n/a,n/a
1765858202.780689,1668813099426509729,167.4,12.1,86.5,1.3,4.5,15.4,47.6,n/a,n/a,n/a
1765858202.9560826,1668813099489730688,153.1,11.4,82.5,1.1,4.4,14.0,39.6,n/a,n/a,n/a
1765858203.1172934,1668813099558329778,153.4,11.2,82.8,0.9,4.6,12.3,41.6,n/a,n/a,n/a
1765858203.2781084,1668813099627592116,148.1,11.3,81.2,0.9,4.1,12.8,37.8,n/a,n/a,n/a
1765858203.4337761,1668813099692159681,152.8,11.9,84.6,0.8,3.6,13.3,38.6,n/a,n/a,n/a
1765858203.5942564,1668813099758374173,151.1,11.1,83.7,0.9,4.2,13.2,38.0,n/a,n/a,n/a
1765858203.7529178,1668813099825536462,171.2,11.1,84.1,0.8,16.5,22.4,36.3,n/a,n/a,n/a
1765858203.931822,1668813099900948560,177.0,11.1,91.3,0.8,16.7,18.9,38.1,n/a,n/a,n/a
1765858204.116056,1668813099962650154,174.6,11.0,87.5,0.8,16.7,21.2,37.4,n/a,n/a,n/a
1765858204.298037,1668813100034948285,180.1,11.0,90.6,0.8,18.1,20.7,39.0,n/a,n/a,n/a
1765858204.4853435,1668813100109663476,173.5,10.8,86.1,0.8,20.9,17.7,37.1,n/a,n/a,n/a
1765858204.6663024,1668813100171987935,181.9,10.9,90.0,0.8,19.4,22.6,38.1,n/a,n/a,n/a
1765858204.855656,1668813100242440011,179.5,10.7,91.1,0.8,20.3,19.2,37.5,n/a,n/a,n/a
1765858205.0426095,1668813100306568563,179.8,11.0,92.1,0.8,17.3,21.6,36.9,n/a,n/a,n/a
1765858205.230022,1668813100367536480,175.2,10.8,88.4,0.8,16.8,20.8,37.5,n/a,n/a,n/a
1765858205.4128125,1668813100443517728,174.6,10.8,88.6,0.8,17.1,20.2,37.1,n/a,n/a,n/a
1765858205.5946698,1668813100509473424,220.3,16.4,123.8,0.8,28.1,14.3,36.9,n/a,n/a,n/a
1765858205.8224983,1668813100572221024,173.5,10.8,89.2,0.8,16.1,20.6,36.0,n/a,n/a,n/a
1765858206.003896,1668813100645056940,178.1,10.8,92.4,0.8,17.1,19.6,37.3,n/a,n/a,n/a
1765858206.1896245,1668813100708052396,175.5,11.0,88.0,1.0,17.4,21.4,36.7,n/a,n/a,n/a
1765858206.3723326,1668813100776735992,180.7,10.8,93.3,0.8,17.1,21.7,37.0,n/a,n/a,n/a
1765858206.560551,1668813100836743914,182.5,12.9,93.8,1.0,15.3,20.3,39.2,n/a,n/a,n/a
1765858206.750986,1668813100906891623,177.6,10.8,88.0,0.9,19.7,21.3,36.9,n/a,n/a,n/a
1765858206.9359567,1668813100979004863,171.3,10.9,87.8,0.8,19.2,17.6,35.1,n/a,n/a,n/a
1765858207.115199,1668813101044386332,179.2,11.1,90.3,0.8,24.4,17.1,35.5,n/a,n/a,n/a
1765858207.3020453,1668813101109772235,174.1,10.8,88.7,0.8,18.1,20.5,35.1,n/a,n/a,n/a
1765858198.8299437,1668813098092854392,202.5,11.1,86.0,0.7,15.9,21.6,67.2,6025.8,335,18.0
